{"type":"FeatureCollection","features":[{"type":"Feature","properties":{"shapeName":"Andijan Region","shapeISO":"UZ-AN","shapeID":"4885205B10194269353937","shapeGroup":"UZB","shapeType":"ADM1"},"geometry":{"type":"Polygon","coordinates":[[[71.5693,40.7727],[71.5814,40.7544],[71.4954,40.7345],[71.5376,40.714],[71.5815,40.6508],[71.5861,40.6294],[71.6231,40.6631],[71.6383,40.6669],[71.6244,40.6902],[71.63,40.6956],[71.6343,40.7083],[71.632,40.7135],[71.6291,40.7148],[71.6295,40.722],[71.6354,40.7332],[71.6439,40.738],[71.6543,40.7469],[71.6775,40.7251],[71.6821,40.7234],[71.6815,40.7187],[71.7297,40.7083],[71.7481,40.7121],[71.7591,40.7047],[71.7988,40.688],[71.8273,40.6735],[71.8611,40.6285],[71.8689,40.621],[71.9028,40.6158],[72.0689,40.5952],[72.0761,40.5952],[72.0814,40.598],[72.13,40.5905],[72.2167,40.5694],[72.22,40.5652],[72.2233,40.5555],[72.2227,40.4851],[72.2418,40.483],[72.2431,40.4866],[72.2537,40.481],[72.2435,40.4603],[72.2721,40.451],[72.2853,40.4522],[72.2907,40.4462],[72.2977,40.4427],[72.3148,40.4477],[72.3212,40.4461],[72.3353,40.4384],[72.3622,40.4188],[72.3688,40.4121],[72.3785,40.4075],[72.3864,40.405],[72.399,40.4041],[72.4105,40.4012],[72.417,40.4023],[72.4208,40.4049],[72.4222,40.4155],[72.4162,40.4293],[72.4262,40.4504],[72.4409,40.4733],[72.4356,40.4858],[72.4282,40.4902],[72.4196,40.5038],[72.4149,40.5062],[72.415,40.5083],[72.4079,40.5093],[72.3937,40.507],[72.3838,40.5111],[72.3786,40.5118],[72.3786,40.5164],[72.384,40.5186],[72.3826,40.5227],[72.3953,40.5231],[72.4032,40.5252],[72.4054,40.5261],[72.4043,40.5285],[72.4088,40.5333],[72.4177,40.5345],[72.4227,40.5399],[72.426,40.5396],[72.4257,40.5413],[72.4196,40.5428],[72.418,40.548],[72.4199,40.5492],[72.4161,40.5517],[72.4156,40.5563],[72.4202,40.5615],[72.4142,40.5631],[72.4089,40.5613],[72.3899,40.5659],[72.3876,40.5717],[72.3894,40.5727],[72.3917,40.5711],[72.3963,40.574],[72.3948,40.5753],[72.3798,40.5768],[72.3725,40.5801],[72.3652,40.5885],[72.3445,40.601],[72.3462,40.603],[72.3502,40.6039],[72.3669,40.603],[72.3748,40.6043],[72.3772,40.6025],[72.3808,40.6035],[72.3833,40.6015],[72.3854,40.604],[72.3839,40.6114],[72.3863,40.6134],[72.3899,40.6121],[72.3957,40.6169],[72.4094,40.619],[72.4118,40.6182],[72.4157,40.6101],[72.4321,40.6019],[72.451,40.5731],[72.476,40.5512],[72.4862,40.5565],[72.4907,40.556],[72.5055,40.5607],[72.5165,40.5577],[72.5362,40.5433],[72.5512,40.5371],[72.5706,40.5377],[72.583,40.536],[72.6158,40.5152],[72.6329,40.511],[72.6553,40.5105],[72.6694,40.5234],[72.6681,40.5541],[72.6574,40.5614],[72.6626,40.5611],[72.6624,40.5627],[72.6664,40.5645],[72.669,40.5629],[72.6732,40.5651],[72.6679,40.5786],[72.6635,40.5803],[72.6654,40.5824],[72.662,40.5825],[72.6648,40.5843],[72.6637,40.5854],[72.6668,40.5856],[72.6665,40.5868],[72.6727,40.5908],[72.6948,40.5979],[72.6938,40.5953],[72.7019,40.5918],[72.7011,40.5877],[72.718,40.5897],[72.7299,40.586],[72.7348,40.5821],[72.7397,40.584],[72.7471,40.5806],[72.7477,40.5773],[72.7449,40.5746],[72.7477,40.5739],[72.7478,40.5713],[72.7509,40.5712],[72.7534,40.5742],[72.7559,40.5725],[72.7602,40.5728],[72.7608,40.5771],[72.7551,40.5809],[72.7553,40.5843],[72.7491,40.5964],[72.7496,40.6077],[72.7598,40.6258],[72.778,40.641],[72.7811,40.6478],[72.7912,40.6532],[72.7856,40.6667],[72.7981,40.6717],[72.8013,40.6773],[72.8095,40.6761],[72.8126,40.6771],[72.8148,40.6759],[72.8199,40.6769],[72.8465,40.6727],[72.8658,40.7007],[72.8585,40.7009],[72.8597,40.7076],[72.8534,40.7082],[72.8534,40.7123],[72.8727,40.7112],[72.8962,40.7193],[72.9169,40.7234],[72.934,40.7312],[72.9463,40.732],[72.9673,40.7504],[72.9911,40.7647],[73.0045,40.7637],[73.0202,40.7677],[73.0323,40.7665],[73.036,40.7687],[73.0527,40.7648],[73.0587,40.7698],[73.0648,40.7692],[73.1397,40.7853],[73.137,40.8056],[73.1375,40.8277],[73.1354,40.8334],[73.1257,40.8403],[73.1221,40.8401],[73.1156,40.8355],[73.1072,40.8336],[73.0932,40.8391],[73.0897,40.8495],[73.0847,40.8511],[73.0803,40.8493],[73.0747,40.8515],[73.0584,40.8464],[73.0394,40.8447],[73.031,40.839],[73.0262,40.8411],[73.0252,40.8445],[73.0217,40.8465],[73.014,40.8452],[73.006,40.8395],[73,40.8428],[72.9978,40.8339],[72.9947,40.8314],[72.9799,40.8295],[72.9805,40.8267],[72.9793,40.8241],[72.9759,40.8226],[72.9762,40.8197],[72.9736,40.8198],[72.9724,40.8213],[72.9696,40.8201],[72.9692,40.822],[72.966,40.8214],[72.9625,40.8172],[72.9588,40.8159],[72.9571,40.8078],[72.9581,40.805],[72.9391,40.8004],[72.9161,40.8066],[72.9003,40.8155],[72.8998,40.8219],[72.8923,40.8299],[72.8807,40.8374],[72.8675,40.8437],[72.8322,40.8564],[72.8244,40.8526],[72.7722,40.8531],[72.7126,40.8487],[72.6977,40.8546],[72.6917,40.851],[72.6764,40.8517],[72.6597,40.8548],[72.6283,40.8625],[72.6085,40.8708],[72.5913,40.868],[72.5817,40.8858],[72.5929,40.9051],[72.5892,40.9124],[72.577,40.9226],[72.5694,40.9344],[72.5641,40.9386],[72.5632,40.9426],[72.5606,40.9434],[72.5624,40.9462],[72.5614,40.9488],[72.5566,40.9545],[72.5497,40.9575],[72.5515,40.9618],[72.5448,40.9658],[72.5375,40.9616],[72.5314,40.9614],[72.5293,40.9637],[72.5254,40.9593],[72.518,40.9688],[72.5114,40.9697],[72.5077,40.9687],[72.5057,40.971],[72.4995,40.9675],[72.4976,40.9686],[72.496,40.9676],[72.4906,40.9705],[72.4882,40.974],[72.5,40.9834],[72.5016,40.987],[72.4982,40.9863],[72.4968,40.9883],[72.4861,40.9909],[72.4882,41.0009],[72.4807,41.0088],[72.4683,41.0154],[72.4534,41.0278],[72.4442,41.0318],[72.4256,41.0343],[72.4163,41.0266],[72.3931,41.0278],[72.3888,41.0292],[72.3816,41.0316],[72.3772,41.0408],[72.366,41.0419],[72.3608,41.0442],[72.3509,41.0574],[72.3504,41.0604],[72.3477,41.06],[72.3406,41.0465],[72.3375,41.043],[72.3325,41.0417],[72.3298,41.039],[72.3303,41.0369],[72.314,41.0305],[72.2945,41.0298],[72.2899,41.0284],[72.2879,41.0259],[72.289,41.0249],[72.2842,41.0205],[72.2703,41.0109],[72.2665,41.0118],[72.2465,41.0038],[72.242,41.0051],[72.2377,41.002],[72.2237,41],[72.2199,41.0009],[72.2083,40.9978],[72.2002,40.9989],[72.196,40.9974],[72.17,40.9155],[72.1623,40.9191],[72.1404,40.9145],[72.1293,40.9073],[72.1256,40.8958],[72.0422,40.8897],[72.0105,40.8921],[71.9386,40.9044],[71.9328,40.9066],[71.9228,40.9136],[71.9103,40.9177],[71.8308,40.9183],[71.645,40.8822],[71.6191,40.8691],[71.5753,40.838],[71.6228,40.7941],[71.5693,40.7727]],[[72.7581,40.6658],[72.7602,40.6762],[72.7746,40.6779],[72.7747,40.6639],[72.7676,40.6601],[72.7581,40.6658]]]}},{"type":"Feature","properties":{"shapeName":"Namangan Region","shapeISO":"UZ-NG","shapeID":"4885205B52900409035974","shapeGroup":"UZB","shapeType":"ADM1"},"geometry":{"type":"Polygon","coordinates":[[[72.196,40.9974],[72.1845,40.997],[72.181,41.0028],[72.1762,41.0188],[72.1795,41.0241],[72.2078,41.0294],[72.2101,41.0508],[72.2085,41.0595],[72.1929,41.0871],[72.1903,41.1023],[72.1795,41.1064],[72.1789,41.1167],[72.1687,41.119],[72.1632,41.1226],[72.15,41.1253],[72.151,41.1381],[72.1649,41.1446],[72.1764,41.1558],[72.1686,41.164],[72.1665,41.1621],[72.1638,41.1641],[72.1554,41.1602],[72.1469,41.1592],[72.137,41.1624],[72.1204,41.1533],[72.1106,41.154],[72.1074,41.1528],[72.0954,41.1411],[72.0937,41.1348],[72.0742,41.1217],[72.0711,41.1174],[72.0643,41.1213],[72.0602,41.126],[72.0555,41.1272],[72.054,41.1295],[72.0505,41.1298],[72.0477,41.1324],[72.0309,41.1366],[72.0264,41.1365],[72.0128,41.1424],[72.0063,41.152],[72.0066,41.1565],[71.9602,41.157],[71.9516,41.1461],[71.9426,41.1454],[71.935,41.1517],[71.9305,41.1524],[71.924,41.1564],[71.9176,41.1562],[71.9137,41.1605],[71.9046,41.1593],[71.8954,41.1619],[71.8864,41.1678],[71.8834,41.1788],[71.8852,41.1906],[71.8838,41.1933],[71.8716,41.1943],[71.8636,41.1975],[71.862,41.2008],[71.8693,41.2176],[71.8785,41.2252],[71.8777,41.2299],[71.8794,41.2337],[71.8832,41.2358],[71.8866,41.256],[71.8964,41.2591],[71.9007,41.263],[71.9081,41.2782],[71.9058,41.2824],[71.9142,41.2854],[71.9252,41.2946],[71.9003,41.3091],[71.8874,41.3258],[71.8804,41.3378],[71.8934,41.3427],[71.8921,41.3505],[71.8831,41.3573],[71.8844,41.3602],[71.8826,41.362],[71.8786,41.3644],[71.8726,41.3556],[71.8675,41.353],[71.8667,41.3492],[71.8458,41.3524],[71.8378,41.3556],[71.8339,41.362],[71.8375,41.371],[71.8304,41.3793],[71.8318,41.3809],[71.8307,41.3824],[71.8258,41.3887],[71.8124,41.3932],[71.8072,41.4013],[71.8063,41.3988],[71.7997,41.4081],[71.797,41.4085],[71.7928,41.4172],[71.7946,41.42],[71.7949,41.4288],[71.7921,41.4395],[71.7736,41.448],[71.7699,41.4462],[71.7596,41.4353],[71.7529,41.4342],[71.7483,41.4409],[71.7492,41.4468],[71.7422,41.4522],[71.7359,41.4521],[71.7369,41.4472],[71.7269,41.4436],[71.7201,41.4379],[71.7238,41.4323],[71.7225,41.4231],[71.7166,41.4198],[71.7076,41.4241],[71.6987,41.4357],[71.6965,41.4432],[71.6985,41.4501],[71.7167,41.4681],[71.7179,41.4752],[71.7266,41.4816],[71.728,41.4892],[71.7245,41.4974],[71.7228,41.5122],[71.7282,41.528],[71.7369,41.5322],[71.7325,41.5438],[71.7261,41.5468],[71.7127,41.5427],[71.7094,41.5402],[71.7082,41.5344],[71.7027,41.5334],[71.6922,41.5273],[71.6924,41.525],[71.6778,41.515],[71.6784,41.509],[71.6694,41.4978],[71.6623,41.4953],[71.6506,41.4941],[71.6431,41.4912],[71.6469,41.487],[71.6633,41.4822],[71.67,41.4764],[71.674,41.4695],[71.6768,41.4583],[71.6661,41.4497],[71.672,41.4439],[71.6694,41.4384],[71.6716,41.4344],[71.6771,41.4332],[71.6771,41.4254],[71.6804,41.4218],[71.6617,41.4012],[71.6555,41.3762],[71.6477,41.3647],[71.6419,41.3487],[71.637,41.3486],[71.6292,41.3527],[71.6237,41.3486],[71.6167,41.337],[71.6038,41.329],[71.6002,41.3236],[71.6001,41.3195],[71.5965,41.3189],[71.591,41.3034],[71.5878,41.3003],[71.5772,41.2954],[71.555,41.2906],[71.5547,41.295],[71.5493,41.2983],[71.5446,41.2994],[71.5284,41.297],[71.5215,41.3074],[71.5055,41.3077],[71.4877,41.316],[71.4808,41.3149],[71.4719,41.3054],[71.457,41.2953],[71.4497,41.2868],[71.4485,41.2802],[71.4538,41.2675],[71.4483,41.2536],[71.4482,41.2449],[71.4595,41.2313],[71.4626,41.2178],[71.459,41.2072],[71.4374,41.1967],[71.4399,41.1779],[71.4526,41.1675],[71.451,41.156],[71.4398,41.1368],[71.4396,41.127],[71.4129,41.1052],[71.4014,41.1046],[71.3958,41.1074],[71.3925,41.1121],[71.3874,41.141],[71.3824,41.1491],[71.3652,41.1627],[71.3569,41.1658],[71.3453,41.1657],[71.3342,41.1607],[71.3267,41.154],[71.3217,41.1309],[71.3131,41.1185],[71.2957,41.1062],[71.2847,41.1042],[71.2764,41.106],[71.2733,41.1109],[71.2782,41.15],[71.2725,41.1734],[71.2669,41.1803],[71.2575,41.1864],[71.2518,41.1832],[71.2399,41.1912],[71.2318,41.1893],[71.2266,41.1864],[71.2236,41.1799],[71.2245,41.171],[71.2178,41.1673],[71.2116,41.1682],[71.2024,41.1855],[71.1954,41.1857],[71.1878,41.1809],[71.1777,41.1691],[71.1674,41.1694],[71.1618,41.1669],[71.1439,41.1525],[71.1271,41.1436],[71.1164,41.1451],[71.0981,41.1543],[71.0892,41.1604],[71.076,41.177],[71.0587,41.1801],[71.0464,41.1848],[71.0321,41.1932],[71.0193,41.1927],[70.9965,41.1767],[70.9908,41.1783],[70.9783,41.1693],[70.9667,41.1667],[70.9658,41.1635],[70.9626,41.1658],[70.9506,41.1693],[70.9423,41.1759],[70.9341,41.1913],[70.9137,41.199],[70.9075,41.2027],[70.9042,41.2067],[70.8967,41.2086],[70.8889,41.2141],[70.8842,41.222],[70.8805,41.2232],[70.8798,41.2294],[70.8765,41.2335],[70.8587,41.2454],[70.8552,41.2503],[70.8498,41.2488],[70.8419,41.2508],[70.8342,41.2502],[70.8289,41.2475],[70.8244,41.2414],[70.8147,41.2385],[70.8072,41.2318],[70.7996,41.2305],[70.7962,41.2233],[70.7975,41.2156],[70.7959,41.2113],[70.7877,41.2005],[70.7863,41.1949],[70.7826,41.1984],[70.7814,41.2072],[70.776,41.2165],[70.7727,41.2442],[70.774,41.2578],[70.7684,41.2652],[70.7702,41.2711],[70.7772,41.2802],[70.7784,41.2876],[70.7732,41.3056],[70.7774,41.3168],[70.7838,41.3204],[70.7853,41.3257],[70.7828,41.3304],[70.777,41.3317],[70.7807,41.3386],[70.78,41.3448],[70.7871,41.3487],[70.7846,41.3531],[70.7812,41.3544],[70.7791,41.3661],[70.7751,41.3708],[70.7788,41.3756],[70.7795,41.3866],[70.7714,41.3926],[70.7667,41.399],[70.7574,41.4035],[70.7499,41.4161],[70.7425,41.4196],[70.7381,41.4268],[70.7344,41.4272],[70.7331,41.4351],[70.7209,41.4421],[70.7153,41.4536],[70.7178,41.4599],[70.7172,41.4658],[70.7016,41.4657],[70.6898,41.4685],[70.6868,41.4719],[70.6826,41.4716],[70.6781,41.4699],[70.666,41.4702],[70.6481,41.4579],[70.6383,41.4571],[70.6308,41.4611],[70.6269,41.4595],[70.6197,41.4596],[70.6081,41.4525],[70.6037,41.4529],[70.5992,41.4559],[70.5943,41.4568],[70.5909,41.4541],[70.5908,41.4456],[70.5859,41.443],[70.574,41.4437],[70.5696,41.442],[70.5664,41.4324],[70.5676,41.4268],[70.5602,41.4255],[70.5529,41.4209],[70.551,41.4097],[70.5491,41.4087],[70.5411,41.4102],[70.5352,41.4089],[70.5176,41.4019],[70.5137,41.3989],[70.5098,41.3995],[70.5046,41.4029],[70.4953,41.3975],[70.4894,41.3896],[70.4915,41.3866],[70.4873,41.3764],[70.482,41.3734],[70.474,41.3648],[70.4758,41.3585],[70.4727,41.3561],[70.4704,41.3478],[70.4546,41.3407],[70.4452,41.3301],[70.4359,41.3242],[70.4319,41.3184],[70.421,41.3135],[70.4167,41.3084],[70.4083,41.3088],[70.4016,41.3126],[70.3943,41.3073],[70.3942,41.2969],[70.3882,41.29],[70.3884,41.2609],[70.3965,41.2626],[70.4056,41.2624],[70.4202,41.2659],[70.4309,41.262],[70.4473,41.2619],[70.4489,41.2608],[70.4463,41.2532],[70.4403,41.2498],[70.4272,41.2338],[70.4262,41.2079],[70.4354,41.1968],[70.4349,41.184],[70.4506,41.1692],[70.4515,41.1627],[70.4382,41.1536],[70.4448,41.1429],[70.4641,41.1298],[70.4838,41.1215],[70.4993,41.1092],[70.5193,41.0971],[70.5088,41.0946],[70.4959,41.0889],[70.4975,41.0854],[70.497,41.0794],[70.4814,41.0589],[70.4725,41.0413],[70.4763,41.036],[70.4834,41.0337],[70.489,41.0237],[70.4943,41.0227],[70.4971,41.0188],[70.5145,41.0105],[70.5131,41.0073],[70.5203,40.9979],[70.5218,40.9878],[70.5248,40.984],[70.5324,40.98],[70.5502,40.9802],[70.5645,40.9703],[70.5705,40.9595],[70.5798,40.9522],[70.5864,40.9415],[70.596,40.9329],[70.5999,40.9209],[70.604,40.9175],[70.6078,40.9079],[70.6146,40.9012],[70.6308,40.895],[70.6328,40.8905],[70.6394,40.8839],[70.6432,40.8782],[70.6426,40.8736],[70.6455,40.8649],[70.6532,40.8622],[70.6657,40.8523],[70.6701,40.8525],[70.6794,40.8423],[70.6925,40.8383],[70.7062,40.8307],[70.7133,40.8251],[70.7279,40.8091],[70.7237,40.8026],[70.7194,40.8004],[70.7165,40.8022],[70.713,40.8001],[70.7043,40.8004],[70.7437,40.7739],[70.7464,40.7679],[70.7402,40.7664],[70.7418,40.7649],[70.751,40.7635],[70.7639,40.7584],[70.7746,40.7516],[70.7804,40.7451],[70.7867,40.742],[70.7946,40.7345],[70.7962,40.7257],[70.8025,40.7299],[70.9078,40.7505],[70.9808,40.7605],[71.1269,40.7622],[71.1269,40.7586],[71.1189,40.7499],[71.0894,40.7227],[71.1075,40.6902],[71.148,40.6597],[71.2689,40.6147],[71.2775,40.6133],[71.2939,40.6202],[71.3591,40.6672],[71.3755,40.6835],[71.3917,40.7074],[71.4183,40.7205],[71.5072,40.7572],[71.5693,40.7727],[71.6228,40.7941],[71.5753,40.838],[71.6191,40.8691],[71.645,40.8822],[71.8308,40.9183],[71.9103,40.9177],[71.9228,40.9136],[71.9328,40.9066],[71.9386,40.9044],[72.0105,40.8921],[72.0422,40.8897],[72.1256,40.8958],[72.1293,40.9073],[72.1404,40.9145],[72.1623,40.9191],[72.17,40.9155],[72.196,40.9974]],[[70.5429,40.9885],[70.544,40.9919],[70.5497,40.9953],[70.5586,41.0045],[70.5645,41.0066],[70.5671,41.0058],[70.582,40.9937],[70.5968,40.9864],[70.6164,40.9731],[70.6424,40.9436],[70.6624,40.9273],[70.6696,40.9179],[70.6695,40.9145],[70.6567,40.9184],[70.6306,40.9431],[70.6101,40.9659],[70.6028,40.9719],[70.5933,40.9763],[70.5856,40.9831],[70.5688,40.9909],[70.553,40.988],[70.5429,40.9885]]]}},{"type":"Feature","properties":{"shapeName":"Fergana Region","shapeISO":"UZ-FA","shapeID":"4885205B77081451230863","shapeGroup":"UZB","shapeType":"ADM1"},"geometry":{"type":"MultiPolygon","coordinates":[[[[71.5693,40.7727],[71.5072,40.7572],[71.4183,40.7205],[71.3917,40.7074],[71.3755,40.6835],[71.3591,40.6672],[71.2939,40.6202],[71.2775,40.6133],[71.2689,40.6147],[71.148,40.6597],[71.1075,40.6902],[71.0894,40.7227],[71.1189,40.7499],[71.1269,40.7586],[71.1269,40.7622],[70.9808,40.7605],[70.9078,40.7505],[70.8025,40.7299],[70.7962,40.7257],[70.7974,40.7199],[70.7882,40.7198],[70.7768,40.7165],[70.7729,40.7049],[70.7693,40.7004],[70.7667,40.688],[70.7609,40.6836],[70.7538,40.6826],[70.7381,40.6877],[70.7308,40.6867],[70.7295,40.6814],[70.7375,40.6615],[70.7351,40.6581],[70.7274,40.6551],[70.7239,40.6561],[70.7193,40.6616],[70.7144,40.6635],[70.703,40.6624],[70.6937,40.6531],[70.6867,40.6525],[70.6752,40.6456],[70.6586,40.629],[70.6542,40.6278],[70.6429,40.6285],[70.6366,40.6243],[70.6276,40.6145],[70.6085,40.5834],[70.5874,40.566],[70.578,40.5633],[70.5625,40.563],[70.5522,40.5571],[70.5355,40.5582],[70.5228,40.5569],[70.5141,40.5533],[70.5099,40.5467],[70.5069,40.532],[70.4973,40.5247],[70.4948,40.5114],[70.4847,40.5045],[70.4673,40.5046],[70.431,40.4906],[70.4138,40.4883],[70.3956,40.4827],[70.3855,40.4768],[70.3518,40.4662],[70.3342,40.4626],[70.3315,40.4593],[70.3283,40.4452],[70.3376,40.434],[70.3448,40.4295],[70.348,40.4255],[70.3505,40.4087],[70.3598,40.4037],[70.369,40.3933],[70.379,40.3865],[70.4037,40.3801],[70.4221,40.3783],[70.4271,40.3758],[70.4328,40.3694],[70.4525,40.3673],[70.456,40.3646],[70.4542,40.3621],[70.4732,40.3538],[70.4838,40.3509],[70.56,40.3542],[70.5616,40.346],[70.572,40.3424],[70.578,40.3383],[70.5626,40.3209],[70.5598,40.3121],[70.563,40.3059],[70.5661,40.3045],[70.5699,40.2929],[70.5759,40.2834],[70.5728,40.242],[70.5795,40.2344],[70.5851,40.2239],[70.5951,40.2131],[70.6117,40.2011],[70.6273,40.1811],[70.6323,40.1773],[70.6916,40.1848],[70.714,40.1899],[70.7443,40.1877],[70.7599,40.1882],[70.7886,40.2021],[70.836,40.2106],[70.85,40.2175],[70.8653,40.2213],[70.9203,40.2202],[70.9719,40.2213],[70.9825,40.2256],[70.9825,40.2325],[70.9803,40.2432],[70.9751,40.2501],[70.9767,40.257],[70.9609,40.2676],[70.9592,40.2852],[70.9638,40.2883],[70.9723,40.2885],[70.9846,40.286],[71.0188,40.2961],[71.0311,40.289],[71.0207,40.2834],[71.0315,40.2793],[71.0349,40.2795],[71.0553,40.2875],[71.0673,40.2888],[71.076,40.2923],[71.0877,40.3031],[71.0963,40.3075],[71.1027,40.315],[71.1092,40.3192],[71.1251,40.3347],[71.1311,40.3381],[71.1454,40.3359],[71.1558,40.3366],[71.2035,40.3451],[71.2253,40.3421],[71.2428,40.3376],[71.2525,40.3326],[71.2519,40.3295],[71.2403,40.3229],[71.2411,40.322],[71.2474,40.3248],[71.2481,40.3233],[71.2548,40.3312],[71.2651,40.3355],[71.2738,40.3436],[71.285,40.3404],[71.3007,40.3308],[71.2928,40.3257],[71.2985,40.3147],[71.3096,40.3074],[71.3183,40.3112],[71.3241,40.3178],[71.3355,40.3173],[71.3342,40.314],[71.3365,40.3134],[71.347,40.3149],[71.3462,40.3187],[71.3527,40.3204],[71.3537,40.3189],[71.3575,40.3185],[71.3582,40.3166],[71.369,40.3189],[71.3717,40.3154],[71.3753,40.3166],[71.3767,40.3141],[71.3677,40.3092],[71.3673,40.3061],[71.3766,40.3076],[71.3815,40.3064],[71.3911,40.3091],[71.3971,40.3063],[71.3988,40.3019],[71.4141,40.2912],[71.428,40.284],[71.4597,40.2771],[71.4719,40.2771],[71.4777,40.2749],[71.4851,40.2767],[71.4905,40.2742],[71.5015,40.2771],[71.5064,40.2712],[71.5115,40.2682],[71.5107,40.2667],[71.5126,40.2636],[71.511,40.2572],[71.5129,40.2504],[71.5115,40.2442],[71.5176,40.2387],[71.5129,40.231],[71.5188,40.2271],[71.5366,40.2242],[71.5541,40.2178],[71.5692,40.2144],[71.5754,40.217],[71.5782,40.2167],[71.5782,40.2148],[71.58,40.2142],[71.5803,40.2187],[71.5926,40.218],[71.5956,40.2115],[71.6163,40.2067],[71.6192,40.2074],[71.621,40.2133],[71.6177,40.2164],[71.6156,40.2165],[71.6153,40.2181],[71.6268,40.2154],[71.629,40.2179],[71.6251,40.2214],[71.624,40.2308],[71.6196,40.2381],[71.6223,40.249],[71.619,40.2503],[71.6183,40.2525],[71.6182,40.2556],[71.6199,40.2557],[71.6202,40.2573],[71.6189,40.2588],[71.6201,40.2671],[71.6293,40.2679],[71.6315,40.2649],[71.6338,40.2647],[71.6437,40.2672],[71.6452,40.2698],[71.6528,40.2713],[71.6681,40.271],[71.6736,40.2688],[71.68,40.2701],[71.6813,40.2615],[71.6799,40.259],[71.6825,40.2551],[71.6945,40.2504],[71.6998,40.2416],[71.7001,40.2334],[71.6942,40.2247],[71.6977,40.2209],[71.699,40.215],[71.7066,40.2027],[71.7062,40.2014],[71.7016,40.2037],[71.6998,40.2076],[71.6928,40.2052],[71.6951,40.1971],[71.701,40.1925],[71.6872,40.1959],[71.6792,40.1969],[71.677,40.1959],[71.6834,40.1942],[71.6814,40.189],[71.685,40.1891],[71.6855,40.1869],[71.6893,40.1873],[71.6995,40.179],[71.7103,40.1774],[71.712,40.1798],[71.7181,40.1753],[71.7239,40.1652],[71.7227,40.1602],[71.7257,40.1513],[71.7275,40.1485],[71.731,40.1485],[71.7347,40.1625],[71.7474,40.1684],[71.7442,40.1712],[71.7454,40.1728],[71.7524,40.1748],[71.7569,40.1799],[71.7686,40.1864],[71.7851,40.203],[71.8113,40.2119],[71.8148,40.2143],[71.8153,40.2132],[71.8312,40.2185],[71.8286,40.2411],[71.8315,40.2432],[71.8313,40.2458],[71.8385,40.2482],[71.8412,40.2538],[71.8449,40.2533],[71.8596,40.2574],[71.8654,40.2577],[71.8738,40.262],[71.8846,40.2626],[71.8865,40.26],[71.8914,40.2606],[71.9006,40.2573],[71.912,40.2573],[71.9177,40.2547],[71.9214,40.2548],[71.9269,40.2515],[71.927,40.2419],[71.9315,40.2422],[71.9338,40.24],[71.9359,40.2406],[71.9434,40.2376],[71.9631,40.2408],[71.9668,40.2447],[71.9573,40.2462],[71.9562,40.248],[71.9395,40.2502],[71.9492,40.2562],[71.9785,40.2566],[71.985,40.2613],[71.9902,40.2682],[72.0044,40.2758],[72.0124,40.2727],[72.0244,40.2647],[72.0244,40.2685],[72.0358,40.2742],[72.0504,40.277],[72.0522,40.2788],[72.0528,40.2846],[72.0513,40.2869],[72.0442,40.2889],[72.0432,40.2904],[72.0151,40.2939],[72.0052,40.2984],[71.9916,40.301],[71.9701,40.3141],[71.9664,40.3194],[71.9774,40.3286],[71.9904,40.3359],[71.9984,40.3378],[72.0007,40.3408],[71.9998,40.3417],[72.0265,40.3603],[72.0483,40.3708],[72.0438,40.3783],[72.0551,40.381],[72.0571,40.3857],[72.0612,40.3858],[72.0664,40.3954],[72.0768,40.4007],[72.0822,40.4011],[72.0892,40.4052],[72.0859,40.4117],[72.0886,40.4142],[72.0927,40.431],[72.0868,40.4511],[72.1043,40.4561],[72.1195,40.4585],[72.1301,40.4567],[72.1281,40.4597],[72.1481,40.4733],[72.1592,40.4832],[72.1721,40.4857],[72.1725,40.4946],[72.1739,40.4959],[72.1762,40.4951],[72.1765,40.4925],[72.1863,40.4961],[72.1875,40.4854],[72.1931,40.4811],[72.1987,40.4813],[72.2005,40.4869],[72.2227,40.4851],[72.2233,40.5555],[72.22,40.5652],[72.2167,40.5694],[72.13,40.5905],[72.0814,40.598],[72.0761,40.5952],[72.0689,40.5952],[71.9028,40.6158],[71.8689,40.621],[71.8611,40.6285],[71.8273,40.6735],[71.7988,40.688],[71.7591,40.7047],[71.7481,40.7121],[71.7297,40.7083],[71.6815,40.7187],[71.6821,40.7234],[71.6775,40.7251],[71.6543,40.7469],[71.6439,40.738],[71.6354,40.7332],[71.6295,40.722],[71.6291,40.7148],[71.632,40.7135],[71.6343,40.7083],[71.63,40.6956],[71.6244,40.6902],[71.6383,40.6669],[71.6231,40.6631],[71.5861,40.6294],[71.5815,40.6508],[71.5376,40.714],[71.4954,40.7345],[71.5814,40.7544],[71.5693,40.7727]]],[[[70.9994,40.1835],[71.0008,40.1781],[71.0087,40.1669],[71.0193,40.1202],[71.0151,40.0924],[71.0128,40.0875],[71.0049,40.0814],[71.0102,40.051],[71.0242,40.0365],[71.0466,40.0233],[71.0724,40.0248],[71.085,40.0237],[71.0967,40.0193],[71.11,40.0207],[71.1143,40.0142],[71.1131,40.005],[71.1146,39.9939],[71.1069,39.9908],[71.1005,39.9989],[71.0933,39.9957],[71.0899,39.9904],[71.0933,39.9847],[71.0965,39.9831],[71.094,39.9806],[71.0988,39.9792],[71.0987,39.9782],[71.1014,39.9784],[71.0999,39.9744],[71.1025,39.9707],[71.108,39.967],[71.1153,39.97],[71.1182,39.9682],[71.1201,39.9595],[71.1112,39.9577],[71.1039,39.9532],[71.0997,39.954],[71.0827,39.9425],[71.0781,39.936],[71.0761,39.9294],[71.0761,39.9246],[71.0792,39.9183],[71.0778,39.9142],[71.0651,39.909],[71.0627,39.9065],[71.0569,39.9052],[71.0509,39.9005],[71.056,39.8977],[71.0625,39.8974],[71.0648,39.8958],[71.0805,39.8965],[71.0857,39.8923],[71.0927,39.8909],[71.0942,39.8854],[71.0956,39.8854],[71.0997,39.8893],[71.0986,39.8922],[71.0954,39.8943],[71.0948,39.8976],[71.0976,39.9026],[71.0976,39.9089],[71.0999,39.911],[71.1017,39.9071],[71.1055,39.9083],[71.106,39.9131],[71.1088,39.9169],[71.1199,39.9225],[71.134,39.9082],[71.1329,39.9034],[71.1282,39.8969],[71.1308,39.8863],[71.1419,39.8865],[71.1473,39.8885],[71.1552,39.8865],[71.1597,39.8891],[71.1661,39.8871],[71.1743,39.8951],[71.1816,39.8946],[71.1938,39.8965],[71.1997,39.902],[71.1933,39.9065],[71.1966,39.911],[71.2097,39.9138],[71.2159,39.9122],[71.2176,39.9163],[71.2131,39.9222],[71.2181,39.9224],[71.2176,39.9245],[71.222,39.923],[71.2261,39.9259],[71.2252,39.9305],[71.2213,39.9336],[71.2079,39.9395],[71.1979,39.9412],[71.1907,39.9471],[71.2056,39.9472],[71.2143,39.9501],[71.2154,39.9518],[71.208,39.9532],[71.1944,39.9501],[71.1791,39.9524],[71.1646,39.9499],[71.1545,39.9519],[71.1414,39.9515],[71.1331,39.9548],[71.1329,39.9576],[71.1398,39.959],[71.1607,39.9671],[71.1655,39.972],[71.1646,39.9764],[71.1682,39.9847],[71.1676,39.9873],[71.1629,39.9909],[71.1525,39.9942],[71.1423,40.0002],[71.145,40.0014],[71.1658,40.0006],[71.1682,40.0019],[71.1719,40.0004],[71.1854,40.0014],[71.1869,40.0107],[71.1958,40.0154],[71.2074,40.0376],[71.2028,40.0378],[71.1925,40.0349],[71.1851,40.0319],[71.1801,40.0275],[71.1687,40.0285],[71.155,40.0254],[71.1422,40.0263],[71.1374,40.0197],[71.1293,40.0162],[71.1213,40.0158],[71.1161,40.0183],[71.1149,40.0207],[71.1168,40.0293],[71.113,40.0416],[71.1028,40.0562],[71.1018,40.0749],[71.1,40.0774],[71.1027,40.0848],[71.0987,40.0904],[71.0924,40.0937],[71.0946,40.1022],[71.0897,40.114],[71.0824,40.1243],[71.0817,40.1348],[71.0734,40.1601],[71.0674,40.1669],[71.0451,40.1836],[71.0418,40.1818],[71.0424,40.1787],[71.0393,40.177],[71.036,40.1808],[71.0209,40.1781],[71.0006,40.1851],[70.9994,40.1835]]],[[[71.7145,39.9661],[71.7168,39.9522],[71.7193,39.9525],[71.7204,39.958],[71.7232,39.9588],[71.7432,39.9556],[71.7473,39.9536],[71.7425,39.938],[71.7451,39.9337],[71.7539,39.9349],[71.7593,39.9402],[71.7724,39.9488],[71.777,39.9548],[71.7785,39.963],[71.7872,39.9666],[71.7905,39.9663],[71.7977,39.9585],[71.8307,39.955],[71.8441,39.9454],[71.8472,39.9501],[71.8479,39.9607],[71.855,39.9693],[71.8589,39.9842],[71.8291,39.9856],[71.8227,39.9877],[71.8199,39.9893],[71.8204,39.9935],[71.8167,40.0016],[71.8108,40.0038],[71.7999,40.0037],[71.7807,40.0207],[71.7778,40.0211],[71.7763,40.0195],[71.7809,40.0166],[71.79,40.0042],[71.7816,39.9953],[71.7837,39.9933],[71.7876,39.9933],[71.7877,39.991],[71.777,39.9878],[71.7717,39.9833],[71.7658,39.981],[71.763,39.9774],[71.7387,39.977],[71.73,39.9718],[71.7145,39.9661]]],[[[71.029,40.2399],[71.0292,40.2372],[71.034,40.2326],[71.0353,40.2283],[71.0388,40.2275],[71.0418,40.2328],[71.0396,40.243],[71.0439,40.2518],[71.0419,40.2584],[71.0376,40.2583],[71.0311,40.2517],[71.029,40.2399]]],[[[71.6548,40.2064],[71.6603,40.2018],[71.6716,40.1975],[71.6719,40.2019],[71.6681,40.2049],[71.6599,40.2073],[71.6548,40.2064]]]]}},{"type":"Feature","properties":{"shapeName":"Republic of Karakalpakstan","shapeISO":"UZ-QR","shapeID":"4885205B61406292800140","shapeGroup":"UZB","shapeType":"ADM1"},"geometry":{"type":"Polygon","coordinates":[[[62.0041,43.5054],[61.4254,43.9995],[61.1378,44.2258],[61.1066,44.3604],[61.0642,44.3728],[60.9904,44.4126],[60.5702,44.6671],[59.9914,45.003],[59.8659,45.0407],[59.8587,44.9853],[59.8492,44.9659],[59.7975,44.9336],[59.7846,44.9275],[59.7691,44.926],[59.7647,44.9203],[59.7623,44.9121],[59.7585,44.9105],[59.744,44.9172],[59.7359,44.9173],[59.7297,44.9087],[59.7272,44.8938],[59.7184,44.8919],[59.7083,44.8951],[59.7033,44.8947],[59.7006,44.891],[59.705,44.8767],[59.7029,44.8739],[59.6971,44.8726],[59.6894,44.8649],[59.6803,44.8614],[59.6671,44.8604],[59.6643,44.8635],[59.6655,44.879],[59.6416,44.9028],[59.6338,44.9026],[59.6226,44.8959],[59.606,44.8903],[59.5803,44.8842],[59.5667,44.8895],[59.5555,44.9034],[59.5515,44.9174],[59.5506,44.9334],[59.553,44.939],[59.5611,44.9463],[59.567,44.9591],[59.567,44.97],[59.5586,44.9747],[59.5622,44.9834],[59.555,44.9898],[59.5557,44.9956],[59.5641,44.9976],[59.5708,44.9942],[59.5755,44.9975],[59.5699,45.0087],[59.5618,45.0112],[59.5701,45.0171],[59.5673,45.0265],[59.5606,45.0318],[59.5615,45.0461],[59.5722,45.0608],[59.5638,45.0757],[59.5667,45.1057],[59.5617,45.1322],[59.4979,45.1513],[59.0966,45.3229],[58.7474,45.5064],[58.7375,45.4928],[58.7273,45.4735],[58.6934,45.4499],[58.6915,45.4452],[58.6864,45.4426],[58.6843,45.4379],[58.6822,45.4382],[58.6825,45.4352],[58.6763,45.4301],[58.6777,45.4236],[58.6744,45.4226],[58.6689,45.4063],[58.6621,45.4],[58.6645,45.3955],[58.6584,45.3872],[58.6598,45.384],[58.6559,45.3745],[58.6555,45.3646],[58.6539,45.3587],[58.6509,45.3554],[58.6514,45.3518],[58.6541,45.3528],[58.6513,45.3489],[58.6533,45.3491],[58.6542,45.3353],[58.6463,45.3284],[58.6458,45.3251],[58.6499,45.32],[58.65,45.3171],[58.6469,45.3067],[58.6488,45.3037],[58.6453,45.2969],[58.6459,45.2901],[58.6428,45.2853],[58.6439,45.2797],[58.6455,45.2736],[58.6482,45.2721],[58.6486,45.2745],[58.6515,45.2746],[58.6519,45.273],[58.6469,45.2669],[58.6475,45.2631],[58.6529,45.2677],[58.6543,45.2665],[58.6529,45.2636],[58.6559,45.2623],[58.6518,45.2549],[58.653,45.2544],[58.6529,45.2558],[58.6591,45.2597],[58.6571,45.2539],[58.6608,45.2542],[58.6586,45.2476],[58.6566,45.2478],[58.6604,45.2416],[58.6673,45.2374],[58.6703,45.2327],[58.6683,45.2285],[58.6725,45.2209],[58.6802,45.214],[58.6761,45.2149],[58.6851,45.2096],[58.6803,45.2108],[58.6882,45.2025],[58.686,45.1976],[58.6887,45.1947],[58.6868,45.176],[58.6847,45.1783],[58.6857,45.172],[58.6901,45.1652],[58.6916,45.1425],[58.6856,45.1185],[58.6731,45.0981],[58.6444,45.0689],[58.6301,45.0528],[58.6303,45.0507],[58.6259,45.047],[58.6225,45.0471],[58.6207,45.0381],[58.6213,45.0357],[58.6228,45.0359],[58.6179,45.0279],[58.617,45.0184],[58.614,45.0207],[58.6153,45.0085],[58.6123,45.0117],[58.6139,45.0064],[58.611,45.009],[58.6102,44.9911],[58.5978,44.9733],[58.5952,44.9655],[58.5971,44.9543],[58.5898,44.9391],[58.5885,44.9319],[58.599,44.9185],[58.6065,44.9149],[58.6242,44.912],[58.6371,44.9078],[58.6471,44.8986],[58.6584,44.8805],[58.6596,44.8535],[58.6563,44.8105],[58.6505,44.7962],[58.6375,44.7801],[58.6198,44.7684],[58.5995,44.7503],[58.5704,44.6867],[58.5869,44.5699],[58.5353,44.4973],[58.4847,44.474],[58.4733,44.4615],[58.4689,44.4593],[58.4666,44.4552],[58.4637,44.4548],[58.4488,44.4418],[58.4303,44.4305],[58.4112,44.4211],[58.3776,44.4118],[58.3283,44.4057],[58.3113,44.4066],[58.2886,44.411],[58.2606,44.4202],[58.2484,44.4286],[58.2444,44.4333],[58.2351,44.4543],[58.2307,44.4888],[58.2314,44.5057],[58.2353,44.5219],[58.244,44.5389],[58.2537,44.5522],[58.2671,44.5642],[58.2781,44.5668],[58.2977,44.565],[58.3005,44.5662],[58.3107,44.5865],[58.3143,44.61],[58.3107,44.6283],[58.3017,44.6503],[58.2537,44.7268],[58.2295,44.7786],[58.2183,44.8396],[58.2171,44.859],[58.2199,44.8766],[58.2313,44.9042],[58.2408,44.9198],[58.2768,44.9652],[58.2843,44.9944],[58.2943,45.0164],[58.2984,45.0373],[58.3032,45.0488],[58.3192,45.074],[58.3257,45.0813],[58.3473,45.0982],[58.3672,45.1314],[58.3819,45.1997],[58.3893,45.2131],[58.4025,45.2294],[58.4054,45.2394],[58.4043,45.2542],[58.4071,45.266],[58.4173,45.2889],[58.4296,45.3061],[58.4675,45.3493],[58.5011,45.3691],[58.5242,45.3934],[58.5404,45.4026],[58.5396,45.4047],[58.5436,45.4065],[58.5502,45.4482],[58.551,45.4675],[58.5535,45.477],[58.5603,45.4868],[58.5653,45.4993],[58.5673,45.524],[58.5719,45.5333],[58.585,45.5446],[58.594,45.557],[58.6007,45.5769],[58.6045,45.5813],[58.5876,45.5901],[57.9989,45.4598],[57.4328,45.3343],[57.001,45.2379],[56.6527,45.1566],[55.9987,45.0003],[55.9987,44.4368],[55.9987,44.1566],[55.9986,43.7533],[56.0018,41.3243],[56.0473,41.3171],[56.1346,41.3129],[56.2045,41.3116],[56.3165,41.3039],[56.3571,41.3042],[56.4325,41.2999],[56.5597,41.2889],[56.6414,41.2876],[56.7875,41.2807],[56.8772,41.2712],[56.9629,41.2656],[57.0019,41.2584],[57.0304,41.2584],[57.0424,41.2632],[57.0531,41.2721],[57.06,41.2829],[57.0608,41.3074],[57.0708,41.3218],[57.0889,41.3347],[57.1317,41.3459],[57.1431,41.3513],[57.1517,41.3578],[57.1587,41.3694],[57.1578,41.3778],[57.1485,41.3843],[57.1063,41.3745],[57.0865,41.3749],[57.0816,41.378],[57.068,41.3961],[57.0464,41.418],[57.0382,41.4297],[57.0316,41.4459],[57.0225,41.497],[57.0226,41.535],[57.0269,41.5547],[57.025,41.5677],[57.0199,41.5864],[57.0084,41.6032],[57.0007,41.6058],[57.0012,41.6097],[56.9931,41.6178],[56.9843,41.6339],[56.9764,41.6541],[56.9722,41.6724],[56.9751,41.7166],[56.9686,41.76],[56.9676,41.8046],[56.9705,41.8179],[56.9774,41.8343],[56.984,41.8673],[56.988,41.8765],[57.0015,41.896],[57.0225,41.911],[57.0383,41.9181],[57.0524,41.9213],[57.061,41.9575],[57.072,41.9817],[57.0989,42.0775],[57.1319,42.1485],[57.146,42.1875],[57.1554,42.2092],[57.1772,42.2481],[57.1976,42.2799],[57.2157,42.3006],[57.2272,42.3111],[57.2462,42.3228],[57.2548,42.3247],[57.2967,42.3461],[57.319,42.3542],[57.342,42.3591],[57.3602,42.3606],[57.3753,42.3601],[57.3894,42.3578],[57.4052,42.3537],[57.4155,42.3456],[57.4227,42.3393],[57.4289,42.3291],[57.4398,42.3169],[57.4532,42.3121],[57.4968,42.3073],[57.5229,42.3009],[57.5696,42.2814],[57.582,42.2725],[57.6002,42.254],[57.6173,42.2298],[57.6309,42.2011],[57.6331,42.1858],[57.6329,42.1556],[57.6468,42.1494],[57.6597,42.1491],[57.6756,42.152],[57.7132,42.167],[57.7692,42.1813],[57.8355,42.1729],[57.8441,42.1728],[57.8542,42.1749],[57.8584,42.1816],[57.8489,42.1994],[57.8338,42.2187],[57.8412,42.238],[57.8472,42.2463],[57.8496,42.2479],[57.8567,42.248],[57.8926,42.2368],[57.9111,42.2363],[57.9212,42.2389],[57.9285,42.2451],[57.9324,42.2548],[57.9366,42.2807],[57.9341,42.3056],[57.9394,42.3235],[57.9387,42.3462],[57.9468,42.3629],[57.9473,42.3716],[57.9403,42.389],[57.9308,42.4006],[57.9115,42.4137],[57.9042,42.4262],[57.9103,42.451],[57.9151,42.4572],[57.9299,42.4605],[57.9371,42.4475],[57.96,42.4281],[57.9668,42.4261],[57.9848,42.4757],[57.9785,42.479],[57.9772,42.4842],[57.9829,42.4846],[57.9964,42.4817],[58.0007,42.4845],[58.004,42.4927],[58.0147,42.4935],[58.0289,42.4982],[58.0402,42.5042],[58.0687,42.5047],[58.0913,42.5011],[58.1175,42.4924],[58.1258,42.4889],[58.1377,42.4804],[58.1335,42.4435],[58.1382,42.4484],[58.1441,42.4516],[58.1625,42.4556],[58.1704,42.4595],[58.1814,42.4623],[58.1989,42.4705],[58.3033,42.4552],[58.3234,42.4481],[58.3627,42.4209],[58.3796,42.3987],[58.4006,42.3393],[58.3954,42.2871],[58.4296,42.2946],[58.4504,42.2952],[58.4701,42.2927],[58.4898,42.2863],[58.5202,42.2733],[58.5262,42.2831],[58.5321,42.2886],[58.518,42.2934],[58.5161,42.2956],[58.5159,42.3003],[58.5223,42.3117],[58.5218,42.3215],[58.5147,42.3267],[58.5034,42.3306],[58.4484,42.3641],[58.4258,42.3799],[58.4159,42.3967],[58.3923,42.4161],[58.3642,42.4489],[58.3466,42.4811],[58.3338,42.4985],[58.3247,42.5193],[58.3065,42.5483],[58.2968,42.5569],[58.2677,42.5609],[58.2463,42.567],[58.195,42.5882],[58.1648,42.605],[58.1599,42.61],[58.1555,42.6195],[58.1571,42.6263],[58.1622,42.6307],[58.1648,42.6296],[58.1789,42.6335],[58.1865,42.6412],[58.2067,42.6545],[58.225,42.6601],[58.2421,42.6683],[58.2541,42.677],[58.2812,42.6852],[58.3296,42.6803],[58.3616,42.6747],[58.4178,42.6593],[58.4587,42.6541],[58.4727,42.6503],[58.4959,42.6513],[58.5343,42.6576],[58.5532,42.6592],[58.578,42.6533],[58.5886,42.6581],[58.5954,42.6659],[58.6045,42.7008],[58.5989,42.7074],[58.584,42.7165],[58.584,42.7193],[58.5895,42.7264],[58.5951,42.7293],[58.6088,42.7294],[58.6206,42.7244],[58.6296,42.7241],[58.637,42.7276],[58.6407,42.7358],[58.6398,42.7404],[58.6205,42.7546],[58.6183,42.7633],[58.625,42.782],[58.6264,42.7976],[58.6715,42.764],[58.6743,42.7593],[58.7458,42.7117],[58.7798,42.6825],[58.8707,42.6114],[58.8926,42.6037],[58.9391,42.5746],[58.9732,42.5505],[58.9879,42.5416],[59.005,42.5349],[59.0146,42.527],[59.0582,42.5274],[59.075,42.5214],[59.0764,42.5192],[59.1608,42.529],[59.1695,42.528],[59.1936,42.5174],[59.2037,42.5101],[59.2225,42.4901],[59.2652,42.4517],[59.2698,42.4237],[59.2586,42.4145],[59.2724,42.397],[59.2751,42.3891],[59.301,42.3709],[59.3011,42.367],[59.3047,42.3612],[59.3359,42.3537],[59.3834,42.3346],[59.4181,42.3254],[59.4204,42.3066],[59.4314,42.3006],[59.4343,42.2927],[59.4474,42.29],[59.4634,42.2898],[59.4699,42.2929],[59.4866,42.2894],[59.5183,42.2901],[59.5233,42.2924],[59.5312,42.291],[59.5412,42.2952],[59.5484,42.2947],[59.5553,42.2925],[59.5656,42.2816],[59.5994,42.2907],[59.6088,42.2975],[59.6136,42.2976],[59.6426,42.2892],[59.6411,42.2806],[59.659,42.2826],[59.6751,42.2865],[59.7176,42.286],[59.7293,42.2827],[59.7342,42.284],[59.7392,42.2831],[59.7539,42.2774],[59.7827,42.2722],[59.793,42.2686],[59.8041,42.2688],[59.8116,42.2746],[59.8219,42.2977],[59.8316,42.3012],[59.8407,42.299],[59.8506,42.2928],[59.8935,42.2824],[59.8934,42.2809],[59.9061,42.2761],[59.9213,42.2752],[59.9282,42.2676],[59.941,42.2624],[59.9408,42.2474],[59.9551,42.2316],[59.9724,42.233],[59.9863,42.2257],[59.9853,42.218],[59.9925,42.21],[59.9942,42.2101],[59.9979,42.2168],[60.0157,42.2117],[60.0136,42.2091],[60.011,42.1954],[60.0211,42.1916],[60.0196,42.1851],[60.0218,42.1787],[60.0156,42.1647],[59.9674,42.1787],[59.9717,42.1575],[59.9651,42.157],[59.9632,42.1522],[59.9502,42.1432],[59.9591,42.1351],[59.9765,42.1248],[59.9847,42.1216],[60.0057,42.1156],[60.008,42.1186],[60.0204,42.1179],[60.0419,42.0999],[60.0501,42.0975],[60.0567,42.0894],[60.05,42.0831],[60.0468,42.0737],[60.0493,42.0685],[60.0496,42.0601],[60.0409,42.0372],[60.0435,42.0277],[60.0427,42.0163],[60.0386,42.0146],[60.0328,42.0046],[60.0225,42.0025],[59.9614,41.9992],[59.9493,41.992],[59.9452,41.9866],[59.9493,41.9735],[59.958,41.9668],[59.9683,41.9439],[59.9806,41.9428],[59.992,41.9524],[60.0101,41.9555],[60.0282,41.9499],[60.0271,41.9422],[60.045,41.9164],[60.0626,41.9082],[60.1151,41.8948],[60.1269,41.8885],[60.1455,41.8729],[60.1683,41.8894],[60.154,41.9028],[60.151,41.9091],[60.134,41.9205],[60.1343,41.9223],[60.1391,41.9242],[60.1479,41.9409],[60.1762,41.9484],[60.187,41.9479],[60.196,41.9453],[60.1911,41.9334],[60.2133,41.9234],[60.2222,41.9316],[60.225,41.9302],[60.2268,41.9359],[60.2317,41.9412],[60.2627,41.9605],[60.2515,41.9754],[60.2858,41.9749],[60.2842,41.9849],[60.2979,41.9883],[60.3312,41.979],[60.3334,41.9795],[60.433,41.9576],[60.4571,41.9367],[60.4515,41.8813],[60.458,41.8717],[60.4649,41.8672],[60.4815,41.8663],[60.4886,41.8625],[60.498,41.8626],[60.5039,41.8609],[60.5048,41.8563],[60.5172,41.8494],[60.5138,41.8403],[60.521,41.8406],[60.5222,41.8385],[60.5184,41.8248],[60.5182,41.8097],[60.5271,41.7944],[60.5983,41.7705],[60.623,41.7569],[60.6342,41.7482],[60.6519,41.7277],[60.6519,41.7205],[60.6678,41.7034],[60.6742,41.6833],[60.6908,41.6721],[60.6952,41.6673],[60.6939,41.6632],[60.6959,41.6593],[60.7024,41.6547],[60.7197,41.6468],[60.7343,41.6435],[60.741,41.6402],[60.7535,41.6417],[60.7589,41.6384],[60.7704,41.6372],[60.7719,41.63],[60.79,41.6222],[60.796,41.6016],[60.8212,41.5989],[60.8252,41.5951],[60.8333,41.5946],[60.8405,41.5914],[60.841,41.5858],[60.8622,41.5781],[60.908,41.5351],[60.9323,41.5266],[60.9347,41.5227],[60.944,41.5186],[60.9521,41.5117],[60.9692,41.5093],[60.9672,41.4976],[60.9577,41.4809],[60.9609,41.4768],[60.9794,41.4625],[60.9936,41.4604],[61.0725,41.4202],[61.0822,41.4167],[61.1099,41.4103],[61.1273,41.4005],[61.1382,41.3961],[61.1504,41.3939],[61.2199,41.3631],[61.2301,41.3516],[61.2394,41.3461],[61.257,41.3478],[61.2639,41.3408],[61.2555,41.3317],[61.2532,41.3267],[61.2545,41.3203],[61.2779,41.307],[61.2733,41.2923],[61.2777,41.2726],[61.2835,41.2614],[61.2991,41.2511],[61.3036,41.2454],[61.313,41.2388],[61.3303,41.2292],[61.3436,41.2176],[61.3553,41.214],[61.397,41.2112],[61.4042,41.2121],[61.4084,41.2146],[61.4062,41.2207],[61.3985,41.2229],[61.3856,41.2651],[61.3882,41.28],[61.3938,41.2972],[61.3935,41.3105],[61.3898,41.3318],[61.3976,41.3409],[61.4302,41.3548],[61.6481,41.3276],[61.8338,41.3246],[62.0871,41.0791],[62.2136,40.9804],[62.2458,40.9988],[62.4761,41.0817],[62.3983,41.1647],[62.2177,41.4329],[62.1041,41.5711],[61.9434,41.7427],[61.794,41.9446],[61.7956,41.9555],[61.8009,41.9599],[62.061,42.0621],[62.0816,42.0755],[62.089,42.0865],[62.0876,42.0977],[62.0669,42.1231],[62.0266,42.1883],[61.9901,42.2833],[61.9957,42.4242],[62.0447,42.6492],[62.2811,42.9758],[62.483,43.2553],[62.1492,43.3214],[62.0041,43.5054]]]}},{"type":"Feature","properties":{"shapeName":"Xorazm Region","shapeISO":"UZ-XO","shapeID":"4885205B19700274577063","shapeGroup":"UZB","shapeType":"ADM1"},"geometry":{"type":"MultiPolygon","coordinates":[[[[60.1455,41.8729],[60.149,41.8702],[60.1557,41.8584],[60.1722,41.8447],[60.1906,41.8347],[60.2022,41.8306],[60.2378,41.8247],[60.2648,41.8154],[60.29,41.794],[60.3145,41.7797],[60.3258,41.7684],[60.325,41.7613],[60.3187,41.7509],[60.3112,41.7543],[60.2979,41.7523],[60.2803,41.7566],[60.2634,41.7669],[60.2451,41.7656],[60.2377,41.7663],[60.21,41.7834],[60.186,41.7919],[60.186,41.791],[60.158,41.7982],[60.1447,41.7998],[60.1432,41.8037],[60.1254,41.8077],[60.1245,41.8062],[60.1289,41.7971],[60.1022,41.8019],[60.0992,41.8039],[60.1008,41.8067],[60.0931,41.8095],[60.0921,41.8111],[60.0893,41.811],[60.0795,41.7989],[60.0817,41.7928],[60.0789,41.79],[60.0751,41.7748],[60.0619,41.7698],[60.0573,41.766],[60.0696,41.7471],[60.075,41.7285],[60.0914,41.7084],[60.115,41.6816],[60.1456,41.6587],[60.1581,41.6464],[60.1719,41.6265],[60.1725,41.6161],[60.1772,41.6068],[60.1725,41.6027],[60.179,41.5914],[60.1783,41.5884],[60.1736,41.588],[60.1724,41.5844],[60.1765,41.5777],[60.1723,41.5761],[60.1637,41.5796],[60.1579,41.5791],[60.1428,41.5677],[60.1456,41.564],[60.1407,41.5623],[60.141,41.5559],[60.1283,41.5501],[60.1227,41.5537],[60.1039,41.5421],[60.1036,41.5371],[60.0908,41.5004],[60.0741,41.4575],[60.0775,41.4487],[60.0759,41.4418],[60.0769,41.4348],[60.0931,41.4132],[60.1304,41.3953],[60.1693,41.3693],[60.23,41.3372],[60.2426,41.3334],[60.2763,41.3304],[60.3428,41.2954],[60.4057,41.2531],[60.4758,41.2214],[60.4915,41.2175],[60.512,41.2165],[60.5683,41.2234],[60.5791,41.2235],[60.6844,41.2571],[60.7669,41.2586],[60.816,41.2588],[60.9667,41.2463],[60.999,41.2423],[61.0005,41.2432],[61.0016,41.2336],[61.025,41.2223],[61.0298,41.2227],[61.0302,41.2595],[61.0281,41.2597],[61.0335,41.2692],[61.0341,41.2621],[61.0376,41.2612],[61.0422,41.2657],[61.045,41.2649],[61.0429,41.2557],[61.0516,41.2459],[61.0548,41.2576],[61.056,41.2547],[61.0597,41.2542],[61.0621,41.2557],[61.065,41.2543],[61.0656,41.2437],[61.0824,41.2147],[61.0851,41.2169],[61.0862,41.2258],[61.0904,41.2301],[61.1014,41.2117],[61.1286,41.1902],[61.2404,41.1453],[61.3305,41.1478],[61.3881,41.1921],[61.3975,41.1965],[61.3977,41.2004],[61.402,41.2041],[61.4049,41.2097],[61.4042,41.2121],[61.397,41.2112],[61.3553,41.214],[61.3436,41.2176],[61.3303,41.2292],[61.313,41.2388],[61.3036,41.2454],[61.2991,41.2511],[61.2835,41.2614],[61.2777,41.2726],[61.2733,41.2923],[61.2779,41.307],[61.2545,41.3203],[61.2532,41.3267],[61.2555,41.3317],[61.2639,41.3408],[61.257,41.3478],[61.2394,41.3461],[61.2301,41.3516],[61.2199,41.3631],[61.1504,41.3939],[61.1382,41.3961],[61.1273,41.4005],[61.1099,41.4103],[61.0822,41.4167],[61.0725,41.4202],[60.9936,41.4604],[60.9794,41.4625],[60.9609,41.4768],[60.9577,41.4809],[60.9672,41.4976],[60.9692,41.5093],[60.9521,41.5117],[60.944,41.5186],[60.9347,41.5227],[60.9323,41.5266],[60.908,41.5351],[60.8622,41.5781],[60.841,41.5858],[60.8405,41.5914],[60.8333,41.5946],[60.8252,41.5951],[60.8212,41.5989],[60.796,41.6016],[60.79,41.6222],[60.7719,41.63],[60.7704,41.6372],[60.7589,41.6384],[60.7535,41.6417],[60.741,41.6402],[60.7343,41.6435],[60.7197,41.6468],[60.7024,41.6547],[60.6959,41.6593],[60.6939,41.6632],[60.6952,41.6673],[60.6908,41.6721],[60.6742,41.6833],[60.6678,41.7034],[60.6519,41.7205],[60.6519,41.7277],[60.6342,41.7482],[60.623,41.7569],[60.5983,41.7705],[60.5271,41.7944],[60.5182,41.8097],[60.5184,41.8248],[60.5222,41.8385],[60.521,41.8406],[60.5138,41.8403],[60.5172,41.8494],[60.5048,41.8563],[60.5039,41.8609],[60.498,41.8626],[60.4886,41.8625],[60.4815,41.8663],[60.4649,41.8672],[60.458,41.8717],[60.4515,41.8813],[60.4571,41.9367],[60.433,41.9576],[60.3334,41.9795],[60.3312,41.979],[60.2979,41.9883],[60.2842,41.9849],[60.2858,41.9749],[60.2515,41.9754],[60.2627,41.9605],[60.2317,41.9412],[60.2268,41.9359],[60.225,41.9302],[60.2222,41.9316],[60.2133,41.9234],[60.1911,41.9334],[60.196,41.9453],[60.187,41.9479],[60.1762,41.9484],[60.1479,41.9409],[60.1391,41.9242],[60.1343,41.9223],[60.134,41.9205],[60.151,41.9091],[60.154,41.9028],[60.1683,41.8894],[60.1455,41.8729]]],[[[61.4062,41.2207],[61.4023,41.2513],[61.4086,41.2743],[61.4085,41.2878],[61.4318,41.2909],[61.4591,41.2861],[61.481,41.2867],[61.5454,41.2615],[61.5547,41.264],[61.56,41.268],[61.5682,41.2688],[61.5702,41.2662],[61.585,41.2622],[61.5989,41.2565],[61.6092,41.2562],[61.624,41.2623],[61.6269,41.265],[61.6351,41.2531],[61.6411,41.2376],[61.6499,41.2314],[61.6606,41.2259],[61.675,41.2221],[61.7024,41.22],[61.7128,41.2151],[61.7567,41.1757],[61.789,41.1593],[61.8132,41.1536],[61.8541,41.1213],[61.8752,41.1162],[61.8827,41.1101],[61.8857,41.1072],[61.8985,41.078],[61.9005,41.069],[61.8973,41.0581],[61.901,41.0534],[61.9241,41.0482],[61.9547,41.0345],[61.9637,41.0274],[61.9709,41.0191],[61.9772,41.0059],[61.9766,40.9954],[61.9806,40.9836],[61.9916,40.9801],[61.9964,40.9735],[61.9914,40.9469],[61.9927,40.9313],[61.9956,40.923],[61.9969,40.9003],[62.0001,40.8924],[61.9869,40.8715],[61.9934,40.8521],[61.9886,40.8461],[61.9857,40.8369],[61.9898,40.8263],[61.996,40.8168],[62.0129,40.8033],[62.0264,40.7868],[62.0322,40.7699],[62.0421,40.7577],[62.0455,40.7121],[62.052,40.6989],[62.0668,40.6888],[62.0782,40.6763],[62.091,40.657],[62.1055,40.6293],[62.1073,40.6121],[62.1104,40.6017],[62.1355,40.565],[62.1443,40.5565],[62.1885,40.5311],[62.199,40.5177],[62.335,40.6433],[62.4342,40.7278],[62.4514,40.7903],[62.4519,40.8155],[62.4372,40.8344],[62.2617,40.9833],[62.2458,40.9988],[62.2136,40.9804],[62.0871,41.0791],[61.8338,41.3246],[61.6481,41.3276],[61.4302,41.3548],[61.3976,41.3409],[61.3898,41.3318],[61.3935,41.3105],[61.3938,41.2972],[61.3882,41.28],[61.3856,41.2651],[61.3985,41.2229],[61.4062,41.2207]]]]}},{"type":"Feature","properties":{"shapeName":"Navoiy Region","shapeISO":"UZ-NW","shapeID":"4885205B99988496879040","shapeGroup":"UZB","shapeType":"ADM1"},"geometry":{"type":"Polygon","coordinates":[[[62.2177,41.4329],[62.5853,41.468],[62.6575,41.3589],[62.6875,41.3253],[62.7342,41.2875],[62.7858,41.2622],[62.8625,41.2311],[62.8964,41.2053],[62.9414,41.1342],[62.9717,41.05],[62.9839,41.0272],[63.0031,41.0286],[63.0128,41.0347],[63.0569,41.0356],[63.1253,41.0205],[63.2417,40.9828],[63.4742,40.9305],[63.6378,40.8136],[63.6836,40.7861],[63.6958,40.7689],[63.703,40.7444],[63.6928,40.7078],[63.6975,40.7069],[63.7664,40.7092],[63.8233,40.7131],[63.8353,40.7161],[63.9517,40.9164],[63.9742,40.9344],[64.0217,40.9536],[64.0405,40.9511],[64.0767,40.9194],[64.0789,40.7944],[64.4292,40.7633],[64.4333,40.7714],[64.4511,40.8453],[64.4633,40.8483],[64.5719,40.8578],[64.6539,40.8589],[64.703,40.865],[64.7275,40.9092],[64.743,40.9436],[64.7528,40.9467],[64.7739,40.943],[64.7908,40.8967],[64.8372,40.7303],[64.8619,40.7122],[64.8792,40.7053],[64.9014,40.6997],[65.088,40.68],[65.2164,40.6697],[65.3879,40.7144],[65.3689,40.6549],[65.3663,40.5983],[65.3772,40.5464],[65.3609,40.5344],[65.2545,40.5301],[65.2217,40.4293],[65.18,40.3997],[65.1637,40.3559],[65.1591,40.3362],[65.0921,40.3413],[65.0602,40.3475],[65.0119,40.3518],[64.997,40.3556],[64.9652,40.3681],[64.9431,40.3708],[64.9204,40.3711],[64.8981,40.3687],[64.8877,40.3653],[64.8703,40.355],[64.8593,40.3456],[64.8399,40.3223],[64.8787,40.2869],[64.8863,40.277],[64.8893,40.2695],[64.8935,40.2262],[64.9001,40.2003],[64.8909,40.1561],[64.8802,40.1514],[64.8608,40.1475],[64.8249,40.1443],[64.8184,40.1356],[64.7971,40.1211],[64.7923,40.0778],[64.7885,40.064],[64.7166,40.0317],[64.6589,39.9982],[64.6114,39.9562],[64.6063,39.9162],[64.6768,39.8359],[64.7986,39.7308],[64.8219,39.7297],[64.8914,39.7428],[64.9975,39.6811],[65.0925,39.5239],[65.1003,39.5047],[65.1054,39.4489],[65.1319,39.4617],[65.1492,39.468],[65.1792,39.4742],[65.2355,39.4808],[65.2469,39.4844],[65.2519,39.4872],[65.2555,39.4916],[65.2097,39.5553],[65.1922,39.5855],[65.1886,39.5992],[65.1894,39.6097],[65.203,39.6333],[65.2147,39.6489],[65.2258,39.6733],[65.2294,39.6894],[65.2278,39.6992],[65.2003,39.7767],[65.195,39.785],[65.18,39.8008],[65.1589,39.8144],[65.1269,39.84],[65.1197,39.8528],[65.1214,39.8589],[65.1322,39.8647],[65.3194,39.9133],[65.3411,39.9053],[65.3808,39.8944],[65.4028,39.8905],[65.4155,39.8908],[65.4267,39.8958],[65.4355,39.9053],[65.4422,39.9172],[65.4817,40.0094],[65.4908,40.1058],[65.4897,40.1219],[65.5127,40.1449],[65.5184,40.1561],[65.5264,40.1565],[65.5333,40.1543],[65.6524,40.1105],[65.6574,40.1067],[65.6739,40.0847],[65.6794,40.0722],[65.6839,40.0675],[65.6947,40.062],[65.7292,40.0486],[65.8455,40.0102],[65.8719,40.0069],[65.954,40.0195],[65.9618,40.0179],[66.0647,40.0392],[66.1,40.0517],[66.1755,40.1064],[66.1847,40.1167],[66.1878,40.1353],[66.1839,40.1428],[66.1661,40.1439],[66.1353,40.1286],[66.118,40.1303],[66.1136,40.1467],[66.1633,40.2472],[66.1819,40.2694],[66.2011,40.3708],[66.2047,40.4083],[66.1966,40.4203],[66.185,40.4236],[66.1797,40.4294],[66.1925,40.5106],[66.2389,40.5878],[66.2586,40.6056],[66.2825,40.6086],[66.3083,40.6072],[66.3306,40.5817],[66.353,40.5686],[66.3928,40.5644],[66.4225,40.5664],[66.4733,40.5875],[66.5191,40.6192],[66.5317,40.6147],[66.5525,40.5964],[66.5928,40.5525],[66.62,40.4951],[66.6244,40.5067],[66.6358,40.5247],[66.7317,40.6664],[66.7789,40.73],[66.7991,40.7539],[66.8053,40.7661],[66.7714,40.8789],[66.7664,40.8875],[66.7608,40.8914],[66.6989,40.9042],[66.6686,40.9086],[66.648,40.9181],[66.6405,40.9258],[66.6325,40.9389],[66.6292,40.9533],[66.608,41.1133],[66.7531,41.1169],[66.7562,41.1413],[66.7066,41.1416],[66.6456,41.3448],[66.6066,41.4936],[66.5715,41.6887],[66.5324,41.8774],[65.9987,41.9372],[66.0019,42.3607],[66.0707,42.3379],[66.095,42.5662],[66.0967,42.9381],[65.8442,42.8583],[65.7418,42.9998],[65.5593,43.2895],[65.5321,43.3151],[65.4955,43.3329],[65.1849,43.4952],[65.0022,43.7154],[64.9323,43.7354],[64.5349,43.5707],[63.8576,43.5993],[63.3491,43.6505],[62.2425,43.5186],[62.0041,43.5054],[62.1492,43.3214],[62.483,43.2553],[62.2811,42.9758],[62.0447,42.6492],[61.9957,42.4242],[61.9901,42.2833],[62.0266,42.1883],[62.0669,42.1231],[62.0876,42.0977],[62.089,42.0865],[62.0816,42.0755],[62.061,42.0621],[61.8009,41.9599],[61.7956,41.9555],[61.794,41.9446],[61.9434,41.7427],[62.1041,41.5711],[62.2177,41.4329]]]}},{"type":"Feature","properties":{"shapeName":"Surxondaryo Region","shapeISO":"UZ-SU","shapeID":"4885205B83157789420886","shapeGroup":"UZB","shapeType":"ADM1"},"geometry":{"type":"Polygon","coordinates":[[[66.672,37.9661],[66.6766,37.962],[66.6837,37.9483],[66.6843,37.9329],[66.6792,37.9187],[66.6698,37.9119],[66.6243,37.8922],[66.6205,37.889],[66.6083,37.8766],[66.5968,37.8548],[66.5801,37.8417],[66.5642,37.8224],[66.5482,37.7918],[66.5394,37.7497],[66.5385,37.7281],[66.5448,37.7018],[66.5388,37.662],[66.5304,37.5776],[66.5256,37.5582],[66.5277,37.5379],[66.5319,37.5292],[66.5727,37.5061],[66.5848,37.4701],[66.5844,37.4437],[66.5799,37.4385],[66.5823,37.4309],[66.5564,37.4184],[66.5308,37.403],[66.5262,37.3966],[66.5258,37.3856],[66.5207,37.3795],[66.5216,37.3751],[66.5524,37.3642],[66.5541,37.3554],[66.5605,37.3625],[66.5751,37.3692],[66.5837,37.3699],[66.5937,37.3687],[66.604,37.3637],[66.6087,37.3589],[66.6102,37.3491],[66.6197,37.3403],[66.6229,37.332],[66.6306,37.3286],[66.6468,37.328],[66.6522,37.3236],[66.6554,37.323],[66.6672,37.3287],[66.6718,37.3364],[66.6716,37.3416],[66.6926,37.357],[66.7106,37.3564],[66.7329,37.3637],[66.7428,37.3554],[66.7512,37.3538],[66.769,37.3609],[66.8009,37.3633],[66.8239,37.356],[66.8411,37.3563],[66.8461,37.3537],[66.8512,37.3535],[66.8727,37.3664],[66.8996,37.3728],[66.9143,37.3834],[66.9233,37.3863],[66.9375,37.3949],[66.9464,37.3984],[66.95,37.3982],[66.9626,37.3941],[66.9699,37.3899],[66.9745,37.3892],[66.9794,37.3859],[66.9913,37.3844],[66.9989,37.3775],[67.0072,37.3757],[67.0111,37.3734],[67.0227,37.3746],[67.0315,37.3781],[67.0448,37.3804],[67.0592,37.3725],[67.0691,37.3602],[67.0878,37.3492],[67.0873,37.341],[67.0965,37.3349],[67.1031,37.3342],[67.112,37.3281],[67.1136,37.3149],[67.1105,37.3042],[67.11,37.2899],[67.1222,37.2819],[67.1252,37.2732],[67.1302,37.2708],[67.1406,37.269],[67.1431,37.2647],[67.1626,37.2586],[67.1939,37.2607],[67.2058,37.2556],[67.2236,37.2439],[67.2462,37.189],[67.2574,37.1832],[67.27,37.1821],[67.3048,37.194],[67.3255,37.1977],[67.3403,37.2041],[67.3613,37.2096],[67.3773,37.2195],[67.4017,37.2175],[67.4531,37.2365],[67.4647,37.247],[67.4743,37.2598],[67.4937,37.2688],[67.5026,37.2696],[67.5168,37.2652],[67.5249,37.2596],[67.5374,37.2475],[67.5582,37.2224],[67.566,37.2184],[67.5733,37.2172],[67.5868,37.2352],[67.5977,37.2378],[67.6094,37.2375],[67.6315,37.224],[67.6427,37.2211],[67.6892,37.2189],[67.7233,37.219],[67.7555,37.2071],[67.7692,37.1953],[67.7763,37.1852],[67.7882,37.1772],[67.7885,37.1891],[67.7935,37.2017],[67.7962,37.2021],[67.8149,37.2461],[67.8106,37.2629],[67.8132,37.2663],[67.8119,37.2684],[67.8156,37.2697],[67.8229,37.2762],[67.8263,37.2844],[67.8253,37.2883],[67.8295,37.291],[67.8374,37.3015],[67.8407,37.308],[67.842,37.3286],[67.8312,37.3482],[67.8212,37.3577],[67.8149,37.3767],[67.8004,37.3883],[67.7992,37.397],[67.8005,37.3997],[67.7915,37.4116],[67.7899,37.4186],[67.8056,37.4337],[67.8088,37.4668],[67.8147,37.48],[67.8203,37.4856],[67.8277,37.502],[67.8335,37.5071],[67.8354,37.5233],[67.8314,37.534],[67.8304,37.5443],[67.838,37.5541],[67.8416,37.5687],[67.8522,37.5804],[67.8521,37.5842],[67.8622,37.5916],[67.8629,37.5962],[67.8608,37.5969],[67.8518,37.6124],[67.8674,37.6193],[67.8675,37.6313],[67.8635,37.6369],[67.8787,37.6376],[67.9244,37.6234],[67.9628,37.6729],[67.9669,37.6754],[67.9827,37.6795],[67.9906,37.6834],[67.9945,37.6875],[68.0124,37.71],[68.0106,37.7198],[68.0191,37.7233],[68.0231,37.733],[68.038,37.7447],[68.0625,37.7901],[68.0714,37.7968],[68.0807,37.8079],[68.0828,37.8129],[68.0839,37.8294],[68.1046,37.8523],[68.1236,37.8882],[68.1253,37.9239],[68.1298,37.9306],[68.1367,37.9341],[68.1528,37.9309],[68.1637,37.9349],[68.1759,37.9326],[68.1874,37.9354],[68.1912,37.935],[68.1935,37.9331],[68.2026,37.9338],[68.2255,37.9322],[68.2557,37.9182],[68.2628,37.9094],[68.2643,37.8989],[68.2785,37.9119],[68.2848,37.9267],[68.2759,37.9312],[68.2744,37.938],[68.2813,37.9437],[68.2824,37.9465],[68.2812,37.9506],[68.2845,37.9552],[68.2798,37.9648],[68.287,37.9703],[68.2874,37.9733],[68.2844,37.9791],[68.2876,37.9827],[68.2856,37.9884],[68.2888,37.9993],[68.2998,38.0101],[68.3009,38.0172],[68.3075,38.0292],[68.3162,38.0325],[68.3222,38.0325],[68.3242,38.0385],[68.3326,38.0432],[68.3348,38.0508],[68.3428,38.0561],[68.3432,38.06],[68.3473,38.0624],[68.3576,38.0643],[68.3613,38.0685],[68.3651,38.0685],[68.3687,38.0718],[68.3727,38.081],[68.3771,38.0845],[68.373,38.0927],[68.3741,38.0983],[68.3807,38.1046],[68.3765,38.1103],[68.3777,38.1184],[68.3877,38.1329],[68.3872,38.1435],[68.3938,38.1429],[68.3951,38.1441],[68.3946,38.1541],[68.3995,38.1579],[68.3965,38.1636],[68.4036,38.1734],[68.4053,38.1807],[68.4021,38.1929],[68.4047,38.1966],[68.404,38.1989],[68.3871,38.2042],[68.3799,38.2036],[68.3786,38.217],[68.374,38.2241],[68.3738,38.242],[68.3708,38.2458],[68.3617,38.239],[68.3485,38.2373],[68.3446,38.2381],[68.3334,38.2343],[68.3292,38.235],[68.3191,38.2408],[68.3194,38.2485],[68.3169,38.2507],[68.3051,38.2537],[68.3024,38.2557],[68.2907,38.2947],[68.2969,38.3153],[68.293,38.3168],[68.2892,38.3231],[68.2823,38.3244],[68.2691,38.3205],[68.2636,38.3203],[68.2559,38.3229],[68.2551,38.319],[68.2495,38.3184],[68.2328,38.3219],[68.2262,38.3279],[68.2262,38.3346],[68.2237,38.338],[68.2127,38.3363],[68.2097,38.3387],[68.2139,38.3441],[68.2075,38.3505],[68.2068,38.3549],[68.1918,38.3632],[68.1846,38.3652],[68.1817,38.3687],[68.1701,38.3675],[68.1655,38.3686],[68.1572,38.3743],[68.1528,38.3894],[68.1459,38.3972],[68.141,38.3997],[68.1366,38.4107],[68.1098,38.4021],[68.0927,38.3893],[68.0891,38.3918],[68.0802,38.3882],[68.0795,38.3901],[68.0619,38.3927],[68.0649,38.4102],[68.0704,38.4199],[68.0816,38.4261],[68.1164,38.4681],[68.1091,38.4829],[68.0969,38.4928],[68.1051,38.5049],[68.1012,38.5158],[68.0985,38.5187],[68.0916,38.5163],[68.0852,38.5172],[68.0844,38.5221],[68.0861,38.5275],[68.0842,38.5333],[68.0709,38.5338],[68.0679,38.5497],[68.0613,38.5594],[68.0607,38.5714],[68.0657,38.5774],[68.0676,38.5837],[68.077,38.5869],[68.0795,38.5923],[68.0776,38.605],[68.0815,38.6317],[68.0909,38.639],[68.0928,38.6425],[68.0812,38.6526],[68.0804,38.662],[68.0774,38.6668],[68.0796,38.6744],[68.0735,38.6828],[68.0741,38.6902],[68.0644,38.6976],[68.0636,38.7017],[68.0569,38.7123],[68.0577,38.7164],[68.0605,38.7194],[68.0829,38.7285],[68.1034,38.729],[68.128,38.7331],[68.1213,38.7521],[68.1016,38.7725],[68.1,38.7822],[68.0914,38.7926],[68.0778,38.7948],[68.0767,38.7969],[68.0706,38.7967],[68.0667,38.7989],[68.0692,38.8038],[68.0678,38.8077],[68.0697,38.8183],[68.0952,38.8138],[68.0994,38.8162],[68.1146,38.8186],[68.1235,38.8177],[68.1337,38.8199],[68.1315,38.8266],[68.1334,38.8277],[68.1542,38.827],[68.1612,38.8301],[68.1714,38.8312],[68.172,38.8392],[68.1764,38.8457],[68.1875,38.8526],[68.2013,38.8567],[68.2013,38.8669],[68.1853,38.8742],[68.18,38.8801],[68.1811,38.8868],[68.1789,38.8907],[68.18,38.8939],[68.1952,38.8983],[68.1969,38.9154],[68.2077,38.9182],[68.2072,38.9216],[68.2033,38.9253],[68.1961,38.9385],[68.1886,38.9405],[68.173,38.9478],[68.1586,38.9491],[68.1528,38.9513],[68.15,38.9545],[68.1406,38.96],[68.1361,38.9604],[68.1345,38.9628],[68.1347,38.9697],[68.1397,38.9753],[68.1389,38.979],[68.135,38.982],[68.13,38.9974],[68.1192,39.0039],[68.1183,39.0108],[68.115,39.0141],[68.1039,39.0151],[68.1005,39.0164],[68.0944,39.0229],[68.0866,39.0227],[68.0788,39.0264],[68.0747,39.0238],[68.068,39.0248],[68.0661,39.0212],[68.0602,39.0173],[68.0477,39.0168],[68.0278,39.0101],[68.0202,39.014],[67.9999,39.019],[67.9933,39.0249],[67.9928,39.0286],[67.9898,39.0323],[67.9857,39.0337],[67.9815,39.0322],[67.9736,39.0258],[67.9666,39.023],[67.9555,39.0238],[67.946,39.0219],[67.9402,39.0241],[67.9247,39.0241],[67.9216,39.0265],[67.904,39.018],[67.8949,39.0202],[67.8907,39.0192],[67.8887,39.0164],[67.8831,39.0136],[67.8788,39.0054],[67.8691,39.0014],[67.858,39.0036],[67.8431,39.0098],[67.8345,39.0103],[67.8314,39.0125],[67.8262,39.0124],[67.8201,39.0163],[67.8151,39.0151],[67.8106,39.0119],[67.7948,39.0116],[67.7679,39.0161],[67.7569,39.006],[67.7496,39.0015],[67.7402,39.0057],[67.7274,39.001],[67.7221,39.0011],[67.715,39.0046],[67.7094,39.0005],[67.7038,39.0006],[67.6986,39.0032],[67.6939,39.008],[67.6925,39.0139],[67.675,38.9997],[67.6653,38.9942],[67.6539,38.99],[67.6333,38.9878],[67.5675,38.9861],[67.5489,38.9817],[67.5378,38.9775],[67.5233,38.9678],[67.5136,38.9536],[67.5122,38.9469],[67.5239,38.8939],[67.5461,38.8583],[67.5542,38.8505],[67.5575,38.8417],[67.5603,38.7705],[67.5589,38.7636],[67.5314,38.6978],[67.5253,38.698],[67.5197,38.7008],[67.4991,38.7189],[67.4892,38.725],[67.4675,38.7305],[67.4366,38.7317],[67.4119,38.7261],[67.4022,38.7203],[67.3894,38.7094],[67.3719,38.6875],[67.3461,38.6497],[67.1539,38.4989],[67.1492,38.4878],[67.1383,38.4419],[67.1347,38.4161],[67.1266,38.3922],[67.1169,38.3775],[67.0647,38.3361],[67.025,38.3142],[66.9486,38.2828],[66.698,38.0761],[66.6886,38.0547],[66.6661,37.9816],[66.672,37.9661]]]}},{"type":"Feature","properties":{"shapeName":"Samarqand Region","shapeISO":"UZ-SA","shapeID":"4885205B88950770616501","shapeGroup":"UZB","shapeType":"ADM1"},"geometry":{"type":"Polygon","coordinates":[[[65.2555,39.4916],[65.2705,39.4889],[65.468,39.4833],[65.6503,39.48],[65.6825,39.483],[65.7108,39.4922],[65.7417,39.5103],[65.7458,39.5147],[65.7466,39.5203],[65.84,39.5056],[65.9114,39.4417],[65.9714,39.3636],[65.9733,39.3386],[65.978,39.335],[65.9936,39.3308],[66.0603,39.3178],[66.0872,39.3172],[66.0933,39.3183],[66.1411,39.3417],[66.2119,39.3697],[66.3753,39.4011],[66.3889,39.3983],[66.4142,39.3858],[66.4497,39.3617],[66.4853,39.3422],[66.5003,39.3367],[66.5067,39.3369],[66.5803,39.3603],[66.5855,39.3631],[66.6033,39.3792],[66.6269,39.4092],[66.645,39.425],[66.6625,39.4297],[66.6883,39.4308],[66.8736,39.405],[66.8839,39.398],[66.8872,39.3939],[66.8978,39.3717],[66.8955,39.3505],[66.8855,39.3219],[66.8869,39.3122],[66.8892,39.3078],[66.8939,39.3042],[66.9142,39.2953],[66.9353,39.2928],[66.955,39.2928],[67.0389,39.2967],[67.0566,39.3003],[67.0658,39.3083],[67.0681,39.3142],[67.0681,39.3242],[67.0655,39.3339],[67.0667,39.3442],[67.0705,39.3494],[67.0758,39.3522],[67.0819,39.3531],[67.095,39.3531],[67.1097,39.3505],[67.1914,39.3317],[67.2469,39.3133],[67.27,39.3072],[67.3181,39.3189],[67.3369,39.3055],[67.3432,39.3092],[67.3659,39.3099],[67.3868,39.3144],[67.4492,39.3126],[67.4747,39.3235],[67.4744,39.3338],[67.4703,39.3438],[67.474,39.3556],[67.4876,39.3782],[67.483,39.4053],[67.4808,39.4101],[67.4602,39.423],[67.4621,39.4378],[67.4557,39.4411],[67.4613,39.4505],[67.4635,39.4517],[67.4645,39.4627],[67.4582,39.4738],[67.4515,39.4799],[67.4473,39.4893],[67.4364,39.4986],[67.4292,39.4903],[67.4022,39.5067],[67.3344,39.5525],[67.3122,39.57],[67.298,39.5861],[67.2936,39.6019],[67.2925,39.6655],[67.2953,39.6778],[67.365,39.7653],[67.3814,39.7805],[67.3964,39.7894],[67.443,39.8067],[67.4764,39.813],[67.4983,39.8136],[67.5044,39.8155],[67.5028,39.8325],[67.4704,39.921],[67.4548,39.9281],[67.4414,39.9382],[67.2183,39.978],[67.1142,39.9847],[67.0683,39.998],[66.9422,40.0633],[66.9394,40.0742],[66.9347,40.125],[66.9369,40.1308],[66.9636,40.1356],[66.9689,40.1383],[66.9786,40.1605],[66.98,40.1739],[66.9783,40.1789],[66.9489,40.2205],[66.9086,40.248],[66.8905,40.3161],[66.8883,40.3811],[66.8914,40.3939],[66.9072,40.4181],[66.9094,40.4242],[66.9091,40.4422],[66.8883,40.4783],[66.7886,40.48],[66.6653,40.4897],[66.62,40.4951],[66.5928,40.5525],[66.5525,40.5964],[66.5317,40.6147],[66.5191,40.6192],[66.4733,40.5875],[66.4225,40.5664],[66.3928,40.5644],[66.353,40.5686],[66.3306,40.5817],[66.3083,40.6072],[66.2825,40.6086],[66.2586,40.6056],[66.2389,40.5878],[66.1925,40.5106],[66.1797,40.4294],[66.185,40.4236],[66.1966,40.4203],[66.2047,40.4083],[66.2011,40.3708],[66.1819,40.2694],[66.1633,40.2472],[66.1136,40.1467],[66.118,40.1303],[66.1353,40.1286],[66.1661,40.1439],[66.1839,40.1428],[66.1878,40.1353],[66.1847,40.1167],[66.1755,40.1064],[66.1,40.0517],[66.0647,40.0392],[65.9618,40.0179],[65.954,40.0195],[65.8719,40.0069],[65.8455,40.0102],[65.7292,40.0486],[65.6947,40.062],[65.6839,40.0675],[65.6794,40.0722],[65.6739,40.0847],[65.6574,40.1067],[65.6524,40.1105],[65.5333,40.1543],[65.5264,40.1565],[65.5184,40.1561],[65.5127,40.1449],[65.4897,40.1219],[65.4908,40.1058],[65.4817,40.0094],[65.4422,39.9172],[65.4355,39.9053],[65.4267,39.8958],[65.4155,39.8908],[65.4028,39.8905],[65.3808,39.8944],[65.3411,39.9053],[65.3194,39.9133],[65.1322,39.8647],[65.1214,39.8589],[65.1197,39.8528],[65.1269,39.84],[65.1589,39.8144],[65.18,39.8008],[65.195,39.785],[65.2003,39.7767],[65.2278,39.6992],[65.2294,39.6894],[65.2258,39.6733],[65.2147,39.6489],[65.203,39.6333],[65.1894,39.6097],[65.1886,39.5992],[65.1922,39.5855],[65.2097,39.5553],[65.2555,39.4916]]]}},{"type":"Feature","properties":{"shapeName":"Tashkent Region","shapeISO":"UZ-TO","shapeID":"4885205B31052891590801","shapeGroup":"UZB","shapeType":"ADM1"},"geometry":{"type":"MultiPolygon","coordinates":[[[[70.4953,41.3975],[70.488,41.3982],[70.4734,41.4084],[70.4699,41.4088],[70.4701,41.4162],[70.4639,41.4269],[70.4556,41.4327],[70.452,41.4335],[70.4476,41.4384],[70.4421,41.4401],[70.4386,41.4464],[70.4188,41.4544],[70.4166,41.4577],[70.411,41.4607],[70.4075,41.4704],[70.3961,41.471],[70.3925,41.4684],[70.3809,41.4666],[70.372,41.4776],[70.3727,41.4826],[70.3635,41.4927],[70.348,41.493],[70.3389,41.4973],[70.3384,41.5004],[70.335,41.4994],[70.325,41.5005],[70.3205,41.5068],[70.3109,41.5106],[70.3031,41.5206],[70.299,41.5207],[70.2877,41.5149],[70.2763,41.5117],[70.2732,41.5029],[70.2673,41.4981],[70.2528,41.4956],[70.2404,41.4914],[70.2292,41.4916],[70.2193,41.4959],[70.2177,41.4996],[70.2112,41.5042],[70.1948,41.5066],[70.1756,41.5144],[70.1693,41.5153],[70.174,41.5234],[70.1814,41.5273],[70.1845,41.5424],[70.1876,41.545],[70.1841,41.5525],[70.1793,41.5575],[70.188,41.5622],[70.1917,41.5691],[70.2086,41.5733],[70.2101,41.5791],[70.2147,41.5858],[70.2158,41.595],[70.2083,41.6042],[70.2101,41.6066],[70.2092,41.612],[70.2207,41.611],[70.231,41.6124],[70.2419,41.6166],[70.2566,41.6119],[70.2642,41.6075],[70.2747,41.613],[70.279,41.6199],[70.2926,41.6217],[70.3018,41.6312],[70.322,41.6368],[70.3419,41.6382],[70.3504,41.6429],[70.3671,41.6475],[70.3758,41.6572],[70.3771,41.6618],[70.3857,41.6739],[70.3966,41.6842],[70.4103,41.6898],[70.4197,41.6904],[70.4214,41.6928],[70.4364,41.7004],[70.4498,41.7025],[70.4568,41.711],[70.4649,41.7169],[70.4668,41.7206],[70.4758,41.7223],[70.4967,41.7197],[70.5034,41.7342],[70.5067,41.7366],[70.5059,41.7429],[70.5089,41.7468],[70.5047,41.7506],[70.5089,41.7613],[70.5087,41.7721],[70.5149,41.7803],[70.5152,41.7843],[70.5275,41.7986],[70.5357,41.7993],[70.543,41.8014],[70.5543,41.8078],[70.5605,41.8079],[70.5643,41.8108],[70.5691,41.8106],[70.5785,41.8198],[70.5942,41.818],[70.5993,41.8198],[70.5967,41.8244],[70.5977,41.8353],[70.6034,41.8507],[70.6141,41.8531],[70.6191,41.8513],[70.6269,41.8518],[70.6288,41.8533],[70.6361,41.8658],[70.6398,41.8681],[70.638,41.8721],[70.6459,41.8742],[70.6492,41.8822],[70.6543,41.8844],[70.662,41.8939],[70.6627,41.8973],[70.6608,41.9011],[70.665,41.907],[70.6734,41.9084],[70.6783,41.9129],[70.683,41.9133],[70.6872,41.9156],[70.6939,41.9146],[70.7077,41.9198],[70.7137,41.9205],[70.7304,41.9205],[70.7315,41.9177],[70.7385,41.9139],[70.7527,41.9127],[70.7573,41.9181],[70.7572,41.9364],[70.7667,41.9356],[70.7733,41.9284],[70.7803,41.9266],[70.7841,41.9264],[70.79,41.9291],[70.8069,41.9206],[70.8156,41.9265],[70.8261,41.9264],[70.8348,41.9231],[70.8447,41.9336],[70.8458,41.9389],[70.8539,41.9415],[70.8519,41.9479],[70.8555,41.9505],[70.8558,41.9553],[70.8529,41.9573],[70.853,41.9632],[70.8507,41.9665],[70.8486,41.9765],[70.852,41.989],[70.8453,41.9921],[70.8379,41.9997],[70.8423,42.0056],[70.8423,42.0126],[70.8473,42.0158],[70.8469,42.0185],[70.8591,42.0268],[70.8598,42.0295],[70.8562,42.0333],[70.8556,42.0399],[70.8613,42.0428],[70.8608,42.0483],[70.8652,42.0541],[70.879,42.0461],[70.8853,42.0473],[70.8881,42.0519],[70.8935,42.0503],[70.8961,42.0482],[70.8967,42.044],[70.9006,42.0409],[70.9103,42.0403],[70.9145,42.0419],[70.9297,42.0345],[70.9422,42.0312],[70.9611,42.0308],[70.9792,42.0329],[70.9927,42.0304],[71.0022,42.041],[71.0021,42.0441],[71.0106,42.0488],[71.0135,42.0524],[71.0123,42.0544],[71.0064,42.057],[71.0154,42.0611],[71.0247,42.0612],[71.0253,42.0642],[71.029,42.0677],[71.0344,42.0647],[71.0401,42.0637],[71.0467,42.0712],[71.0461,42.0751],[71.0494,42.0811],[71.0565,42.0828],[71.0564,42.0852],[71.0682,42.0852],[71.0759,42.0907],[71.0846,42.0944],[71.0997,42.0946],[71.1036,42.1129],[71.1076,42.1158],[71.1136,42.1128],[71.1171,42.1127],[71.1298,42.1165],[71.1361,42.1234],[71.1411,42.134],[71.1527,42.1303],[71.1647,42.1391],[71.1755,42.1441],[71.1832,42.1417],[71.1954,42.1435],[71.1995,42.1376],[71.2102,42.136],[71.2179,42.1372],[71.2227,42.1396],[71.2266,42.1437],[71.2217,42.1461],[71.2202,42.1488],[71.2378,42.1532],[71.2472,42.166],[71.2536,42.1651],[71.2584,42.1679],[71.2592,42.1726],[71.2544,42.1753],[71.2505,42.1818],[71.2562,42.1835],[71.2585,42.1896],[71.2691,42.1964],[71.2654,42.2002],[71.2672,42.2053],[71.2505,42.211],[71.2512,42.2135],[71.2454,42.2192],[71.245,42.2278],[71.2384,42.2273],[71.2333,42.2294],[71.2271,42.2237],[71.2173,42.2226],[71.2062,42.2259],[71.2051,42.2276],[71.209,42.2371],[71.2002,42.2436],[71.1933,42.2406],[71.1912,42.2412],[71.1784,42.2516],[71.174,42.251],[71.1713,42.2522],[71.1656,42.2588],[71.1518,42.2636],[71.1476,42.2683],[71.1403,42.2727],[71.1404,42.2768],[71.1335,42.2822],[71.1245,42.2835],[71.1216,42.2778],[71.1131,42.2747],[71.1066,42.2739],[71.092,42.2825],[71.0815,42.2843],[71.0764,42.2835],[71.0678,42.2892],[71.0637,42.2949],[71.0584,42.2951],[71.0492,42.2906],[71.0398,42.2905],[71.0402,42.2944],[71.0357,42.2915],[71.0285,42.2936],[71.0251,42.2924],[71.022,42.289],[71.0177,42.2809],[71.0086,42.2777],[71.0077,42.2733],[71.0045,42.2708],[71.0079,42.2654],[71.0048,42.2644],[71.0044,42.2601],[71.0005,42.2561],[70.9963,42.2561],[70.9885,42.2527],[70.9846,42.2544],[70.9629,42.2563],[70.9456,42.2643],[70.9433,42.2635],[70.9348,42.2506],[70.9296,42.2479],[70.9255,42.2429],[70.9265,42.2375],[70.9217,42.236],[70.9162,42.2371],[70.9136,42.236],[70.9098,42.2268],[70.9015,42.2255],[70.8949,42.2211],[70.8879,42.22],[70.8886,42.2136],[70.8859,42.2116],[70.8837,42.2107],[70.8748,42.2122],[70.8661,42.2118],[70.8546,42.2079],[70.8496,42.1976],[70.836,42.1944],[70.8316,42.1952],[70.8264,42.1993],[70.8207,42.2005],[70.8172,42.2033],[70.7938,42.2095],[70.7891,42.206],[70.7706,42.201],[70.768,42.1936],[70.7613,42.1918],[70.7516,42.1937],[70.7397,42.1844],[70.7391,42.1819],[70.741,42.1789],[70.7535,42.176],[70.7556,42.1709],[70.7527,42.17],[70.7494,42.1658],[70.7442,42.1671],[70.7376,42.1658],[70.726,42.1573],[70.7243,42.1537],[70.7258,42.1478],[70.7146,42.1421],[70.7147,42.1386],[70.7079,42.1338],[70.7072,42.1303],[70.695,42.1273],[70.6872,42.1211],[70.6787,42.0982],[70.6788,42.0884],[70.6662,42.0776],[70.6651,42.0711],[70.6603,42.068],[70.6557,42.0614],[70.6511,42.0416],[70.6384,42.0257],[70.641,42.02],[70.6344,42.0154],[70.6233,42.0148],[70.6128,42.0113],[70.6066,42.0069],[70.5929,42.0102],[70.587,42.0102],[70.5765,42.0204],[70.5594,42.0235],[70.5487,42.035],[70.5585,42.043],[70.5565,42.05],[70.5575,42.0522],[70.5516,42.0578],[70.5499,42.0677],[70.5455,42.074],[70.5298,42.0849],[70.5174,42.082],[70.5147,42.0832],[70.5132,42.0881],[70.5068,42.0895],[70.5014,42.0991],[70.4948,42.0997],[70.491,42.1047],[70.4781,42.1092],[70.476,42.1093],[70.4743,42.1014],[70.4692,42.0977],[70.4674,42.0943],[70.4639,42.0931],[70.459,42.085],[70.4543,42.0857],[70.4421,42.0918],[70.4389,42.0894],[70.4229,42.0834],[70.4164,42.0781],[70.4117,42.0777],[70.4102,42.0747],[70.4009,42.0694],[70.3923,42.0684],[70.3872,42.0711],[70.3735,42.0693],[70.3722,42.0644],[70.364,42.0584],[70.3556,42.0576],[70.3509,42.0508],[70.3321,42.0476],[70.3317,42.0434],[70.3295,42.0411],[70.3225,42.0402],[70.3208,42.0387],[70.3233,42.0274],[70.3312,42.0221],[70.3328,42.0182],[70.3301,41.9971],[70.3343,41.9869],[70.3369,41.9847],[70.3353,41.9747],[70.3291,41.973],[70.3281,41.9707],[70.3182,41.9704],[70.3161,41.968],[70.3089,41.9682],[70.3049,41.9642],[70.2911,41.9625],[70.2881,41.9579],[70.2812,41.9567],[70.2739,41.9529],[70.2681,41.9521],[70.2614,41.9543],[70.259,41.9493],[70.2535,41.9484],[70.246,41.9436],[70.241,41.943],[70.2398,41.9395],[70.228,41.9346],[70.2277,41.9307],[70.2235,41.9284],[70.2247,41.9237],[70.2284,41.9212],[70.2274,41.9172],[70.2205,41.9133],[70.2167,41.913],[70.2142,41.9072],[70.2093,41.9037],[70.198,41.9053],[70.1965,41.9045],[70.1948,41.8909],[70.1971,41.8873],[70.1851,41.883],[70.1811,41.8831],[70.1811,41.8723],[70.1845,41.8644],[70.1759,41.8553],[70.1696,41.8561],[70.1632,41.8501],[70.1577,41.8495],[70.1532,41.8398],[70.1468,41.8366],[70.1419,41.8423],[70.1355,41.8443],[70.1202,41.8406],[70.118,41.8375],[70.1027,41.8373],[70.0961,41.8279],[70.0944,41.8223],[70.0895,41.8213],[70.0841,41.8142],[70.0784,41.812],[70.0769,41.8087],[70.0678,41.8047],[70.0564,41.8043],[70.051,41.7994],[70.0515,41.7938],[70.0493,41.7884],[70.051,41.7824],[70.0492,41.7814],[70.0383,41.7808],[70.0285,41.7852],[70.0206,41.7851],[70.0212,41.7985],[70.0051,41.7987],[70.0077,41.7945],[70.0069,41.7907],[69.9737,41.7767],[69.9719,41.764],[69.9573,41.7503],[69.9607,41.7416],[69.9577,41.7338],[69.9432,41.7284],[69.9393,41.7254],[69.9247,41.7265],[69.9219,41.7246],[69.9215,41.7192],[69.9244,41.7163],[69.9155,41.7131],[69.9075,41.7127],[69.9014,41.7091],[69.8957,41.7089],[69.8943,41.7068],[69.8896,41.7079],[69.8811,41.7067],[69.8743,41.7098],[69.8661,41.7107],[69.8588,41.7173],[69.8468,41.7211],[69.8395,41.72],[69.8128,41.7093],[69.7975,41.7073],[69.7872,41.7],[69.7796,41.6999],[69.7747,41.6973],[69.7649,41.6993],[69.7588,41.697],[69.7456,41.7008],[69.7433,41.6991],[69.7373,41.6986],[69.7271,41.6929],[69.7251,41.6879],[69.7226,41.6863],[69.7176,41.6862],[69.7153,41.6835],[69.7154,41.6783],[69.7129,41.6769],[69.7053,41.6782],[69.6962,41.6732],[69.6914,41.6734],[69.6812,41.6775],[69.6685,41.6687],[69.6649,41.6705],[69.655,41.6685],[69.6386,41.668],[69.6311,41.6632],[69.617,41.6628],[69.6114,41.6551],[69.6097,41.6498],[69.5983,41.6458],[69.5765,41.6295],[69.5716,41.6172],[69.5659,41.6147],[69.5639,41.6063],[69.5602,41.6036],[69.5597,41.5995],[69.5571,41.597],[69.551,41.5952],[69.5498,41.5918],[69.5389,41.5887],[69.5376,41.5846],[69.539,41.578],[69.55,41.5729],[69.5499,41.5694],[69.5271,41.563],[69.501,41.5471],[69.4811,41.5505],[69.4748,41.5598],[69.4687,41.5621],[69.4607,41.5688],[69.4558,41.5692],[69.4549,41.5662],[69.4418,41.56],[69.4277,41.5406],[69.407,41.5244],[69.3978,41.5076],[69.4003,41.5035],[69.4251,41.4985],[69.434,41.493],[69.4384,41.4878],[69.445,41.4895],[69.4545,41.4882],[69.4579,41.4759],[69.457,41.4693],[69.4606,41.4674],[69.4536,41.4631],[69.4507,41.4625],[69.4489,41.4643],[69.4456,41.4642],[69.435,41.4609],[69.4238,41.4622],[69.4226,41.4637],[69.4167,41.4633],[69.415,41.4639],[69.4161,41.4661],[69.4136,41.4663],[69.4143,41.4672],[69.4109,41.4688],[69.4121,41.4704],[69.4008,41.4678],[69.3747,41.4659],[69.3599,41.4698],[69.3588,41.4717],[69.3547,41.4727],[69.3551,41.4676],[69.3461,41.4625],[69.3449,41.4588],[69.3427,41.4605],[69.3412,41.4586],[69.3376,41.4592],[69.337,41.4575],[69.3347,41.4575],[69.336,41.4564],[69.3272,41.4497],[69.3225,41.4499],[69.3225,41.4482],[69.3136,41.4415],[69.3141,41.44],[69.3124,41.4407],[69.3105,41.4389],[69.306,41.4385],[69.3056,41.4402],[69.3031,41.4383],[69.301,41.4395],[69.3008,41.4368],[69.2973,41.4374],[69.2965,41.4356],[69.2954,41.4378],[69.2928,41.4371],[69.2918,41.4381],[69.2929,41.4397],[69.2904,41.4394],[69.2905,41.442],[69.2893,41.4408],[69.2866,41.4416],[69.2852,41.4444],[69.2767,41.4505],[69.2713,41.4524],[69.2625,41.4527],[69.2558,41.4579],[69.2501,41.4663],[69.2446,41.4622],[69.2404,41.4623],[69.2385,41.4597],[69.2349,41.4586],[69.2304,41.4594],[69.2268,41.4628],[69.2224,41.4597],[69.2101,41.4575],[69.2058,41.4539],[69.2024,41.4554],[69.199,41.452],[69.1943,41.4542],[69.1903,41.4515],[69.1861,41.4527],[69.1846,41.4508],[69.1859,41.4485],[69.1807,41.4451],[69.1775,41.4383],[69.1786,41.4372],[69.1753,41.4368],[69.1753,41.4411],[69.174,41.4412],[69.171,41.434],[69.1668,41.435],[69.1613,41.4332],[69.1567,41.4345],[69.1558,41.4328],[69.1522,41.4318],[69.1543,41.4302],[69.152,41.4287],[69.151,41.4317],[69.1487,41.431],[69.1504,41.4298],[69.15,41.4271],[69.1599,41.4245],[69.1685,41.4046],[69.1707,41.403],[69.1751,41.403],[69.1735,41.4008],[69.1683,41.4004],[69.1674,41.3956],[69.1616,41.3944],[69.1551,41.3866],[69.1518,41.3865],[69.1494,41.3932],[69.1334,41.3918],[69.1276,41.3891],[69.1229,41.3919],[69.1166,41.3924],[69.1127,41.3908],[69.1053,41.3829],[69.1011,41.372],[69.0989,41.3716],[69.0978,41.3685],[69.0966,41.3582],[69.0897,41.3569],[69.0796,41.3575],[69.084,41.3625],[69.0838,41.3657],[69.0886,41.3686],[69.079,41.3771],[69.067,41.3736],[69.0641,41.3711],[69.0603,41.3715],[69.0597,41.3696],[69.0522,41.3686],[69.0494,41.3644],[69.0414,41.3659],[69.034,41.3635],[69.022,41.3554],[69.0222,41.3532],[69.025,41.3518],[69.0358,41.3502],[69.0433,41.3506],[69.0474,41.3491],[69.0387,41.326],[69.0443,41.3106],[69.036,41.3028],[69.0294,41.3038],[69.0261,41.2988],[69.0189,41.2988],[69.0134,41.2896],[69.0178,41.2767],[69.0172,41.2734],[69.0401,41.2647],[69.0395,41.2552],[69.0358,41.2527],[69.0253,41.2505],[69.021,41.2459],[69.0265,41.2429],[69.0287,41.2393],[69.0262,41.2309],[69.0292,41.2248],[69.0236,41.2244],[69.0117,41.2277],[69.0001,41.2388],[68.993,41.2304],[68.9973,41.2255],[68.9935,41.2174],[68.9866,41.2106],[68.9809,41.2096],[68.9511,41.1954],[68.9442,41.1935],[68.9337,41.1861],[68.9323,41.1826],[68.9154,41.1821],[68.9131,41.1724],[68.8976,41.1648],[68.886,41.1622],[68.8796,41.1588],[68.8606,41.1435],[68.8523,41.141],[68.8404,41.1343],[68.8371,41.134],[68.8153,41.1209],[68.8079,41.1181],[68.8042,41.1192],[68.8039,41.1158],[68.7977,41.1098],[68.7665,41.0869],[68.749,41.0705],[68.726,41.0532],[68.7138,41.0322],[68.7146,41.0308],[68.722,41.0285],[68.7423,41.0057],[68.7474,41.0055],[68.7534,41.0137],[68.7533,41.0113],[68.7554,41.0118],[68.7559,41.0101],[68.7577,41.0111],[68.7582,41.0091],[68.7566,41.0081],[68.7611,41.0061],[68.7569,41.0034],[68.7557,41.0048],[68.7526,41.0031],[68.7582,40.9971],[68.7544,40.9964],[68.7548,40.994],[68.7511,40.9937],[68.7505,40.9909],[68.7478,40.9903],[68.7491,40.9873],[68.7472,40.9848],[68.7495,40.9844],[68.7496,40.9816],[68.7444,40.9799],[68.7418,40.9815],[68.7423,40.9788],[68.7403,40.9793],[68.7365,40.9758],[68.7368,40.9738],[68.7347,40.9745],[68.7286,40.9697],[68.7198,40.969],[68.7113,40.9648],[68.7045,40.9672],[68.7021,40.966],[68.6975,40.9676],[68.6839,40.9641],[68.6844,40.9614],[68.6766,40.9623],[68.6657,40.9572],[68.6509,40.943],[68.6437,40.9429],[68.6404,40.9448],[68.6457,40.9372],[68.6555,40.9296],[68.6605,40.9284],[68.6648,40.9227],[68.6848,40.918],[68.6886,40.9143],[68.6922,40.9057],[68.7054,40.8995],[68.7098,40.8942],[68.7215,40.8903],[68.7219,40.8877],[68.7156,40.8782],[68.7096,40.873],[68.7094,40.8672],[68.706,40.8584],[68.7087,40.8569],[68.717,40.8566],[68.72,40.8585],[68.729,40.8728],[68.7329,40.8749],[68.7402,40.8738],[68.7419,40.8658],[68.74,40.8626],[68.7264,40.8521],[68.7292,40.8469],[68.736,40.8445],[68.7492,40.8502],[68.7583,40.8487],[68.7633,40.8393],[68.7918,40.8315],[68.8022,40.8226],[68.8073,40.8204],[68.824,40.819],[68.8286,40.8167],[68.8308,40.8065],[68.8301,40.8003],[68.8276,40.7967],[68.8296,40.7931],[68.8341,40.7914],[68.8454,40.7919],[68.8638,40.7888],[68.8817,40.7823],[68.8945,40.7705],[68.897,40.7591],[68.9037,40.7505],[68.9054,40.7452],[68.9042,40.7438],[68.9076,40.741],[68.9061,40.7282],[68.9116,40.7182],[68.9162,40.7148],[68.9224,40.713],[68.9342,40.7148],[68.9503,40.7114],[68.9512,40.7101],[68.9526,40.6968],[68.9577,40.6932],[68.9642,40.6828],[68.9622,40.6803],[68.9531,40.6766],[68.9522,40.6734],[68.9539,40.6709],[68.961,40.6656],[68.9799,40.6669],[68.9937,40.6713],[69.0005,40.6707],[69.0058,40.6682],[69.0046,40.6617],[68.9871,40.6482],[68.989,40.6437],[69.0061,40.6412],[69.0366,40.6476],[69.0522,40.6448],[69.0621,40.6358],[69.0526,40.6289],[69.0529,40.624],[69.0696,40.6101],[69.0883,40.6064],[69.0909,40.6006],[69.089,40.5953],[69.0818,40.5896],[69.0602,40.5792],[69.0582,40.5748],[69.0629,40.5706],[69.0753,40.5714],[69.0765,40.5812],[69.0805,40.585],[69.0844,40.5861],[69.0959,40.579],[69.1058,40.5662],[69.1034,40.5622],[69.0999,40.5615],[69.0911,40.5707],[69.0835,40.5718],[69.0766,40.5701],[69.0822,40.5559],[69.0802,40.5498],[69.0808,40.5195],[69.0761,40.511],[69.0671,40.506],[69.0647,40.502],[69.0717,40.5007],[69.0846,40.5032],[69.0969,40.5093],[69.1057,40.5051],[69.1081,40.5011],[69.1074,40.4986],[69.101,40.4943],[69.0937,40.494],[69.0875,40.4913],[69.0853,40.4885],[69.0853,40.4836],[69.087,40.4808],[69.1033,40.4731],[69.1028,40.4648],[69.1047,40.4573],[69.1149,40.4492],[69.1157,40.4405],[69.1189,40.4329],[69.1173,40.4278],[69.1103,40.4197],[69.0965,40.4124],[69.0877,40.402],[69.0766,40.398],[69.0802,40.3899],[69.0781,40.3782],[69.0864,40.3706],[69.0738,40.3579],[69.0748,40.3186],[69.0836,40.3042],[69.1139,40.2809],[69.1265,40.2671],[69.1322,40.2634],[69.1418,40.2395],[69.1546,40.2315],[69.1619,40.2161],[69.1652,40.2131],[69.1698,40.2121],[69.1977,40.2151],[69.2299,40.2074],[69.2463,40.2074],[69.2618,40.2],[69.2755,40.2011],[69.2997,40.1884],[69.3043,40.1878],[69.3055,40.1951],[69.3004,40.1967],[69.2988,40.1998],[69.299,40.2073],[69.2958,40.2133],[69.2905,40.2174],[69.2886,40.2257],[69.2971,40.2338],[69.3015,40.2448],[69.2897,40.2478],[69.2857,40.251],[69.2772,40.2535],[69.2677,40.2586],[69.2627,40.2583],[69.2612,40.2638],[69.2566,40.2656],[69.2549,40.2696],[69.2513,40.2707],[69.2478,40.2748],[69.2491,40.281],[69.2547,40.2837],[69.2525,40.2913],[69.2466,40.2954],[69.2492,40.3035],[69.2599,40.2972],[69.2653,40.2974],[69.3074,40.2819],[69.3073,40.2862],[69.3116,40.2903],[69.3187,40.293],[69.3227,40.2927],[69.3283,40.2972],[69.3266,40.3024],[69.3277,40.3083],[69.3329,40.3126],[69.3343,40.3172],[69.338,40.3213],[69.3405,40.339],[69.3363,40.3488],[69.3257,40.3517],[69.3162,40.3567],[69.3026,40.3681],[69.3033,40.3758],[69.3072,40.38],[69.3065,40.3868],[69.304,40.3899],[69.2974,40.3915],[69.2929,40.395],[69.2911,40.4024],[69.2916,40.4043],[69.2978,40.408],[69.2984,40.4118],[69.2949,40.415],[69.2885,40.4154],[69.2834,40.42],[69.286,40.4236],[69.284,40.4274],[69.2847,40.4347],[69.2828,40.4363],[69.2839,40.4434],[69.2793,40.4519],[69.2677,40.4597],[69.2718,40.4683],[69.2686,40.4705],[69.2664,40.4759],[69.2725,40.4796],[69.2697,40.4844],[69.2716,40.4879],[69.2786,40.4895],[69.2799,40.4929],[69.2628,40.5],[69.2564,40.507],[69.248,40.5102],[69.2405,40.5199],[69.2309,40.5227],[69.2286,40.5259],[69.2204,40.5312],[69.2212,40.5364],[69.2118,40.5408],[69.2112,40.5469],[69.2207,40.5478],[69.2262,40.5498],[69.2335,40.5545],[69.2411,40.5624],[69.2505,40.5653],[69.2629,40.5761],[69.276,40.574],[69.2816,40.5765],[69.2846,40.5801],[69.2895,40.577],[69.306,40.5786],[69.3179,40.5767],[69.3228,40.5789],[69.3248,40.5774],[69.3284,40.5792],[69.3435,40.5796],[69.3476,40.5895],[69.3465,40.5913],[69.3484,40.6139],[69.3396,40.6396],[69.3414,40.6517],[69.339,40.6583],[69.3394,40.6675],[69.3425,40.6851],[69.3378,40.6898],[69.3377,40.6934],[69.3347,40.6944],[69.334,40.6969],[69.3299,40.6992],[69.3286,40.7041],[69.3344,40.7064],[69.3344,40.7089],[69.3396,40.7125],[69.3462,40.7122],[69.3468,40.7244],[69.3492,40.7268],[69.3559,40.7267],[69.3511,40.7321],[69.3607,40.7325],[69.3629,40.7344],[69.3597,40.7397],[69.3645,40.7443],[69.3592,40.7503],[69.3617,40.7531],[69.3594,40.7553],[69.3624,40.7671],[69.3756,40.7722],[69.3854,40.786],[69.389,40.7887],[69.3937,40.7899],[69.4073,40.7887],[69.4348,40.7922],[69.4625,40.7918],[69.4712,40.7895],[69.4795,40.7843],[69.4933,40.7819],[69.4996,40.7773],[69.5019,40.7705],[69.5142,40.7723],[69.5281,40.7712],[69.5324,40.768],[69.5473,40.763],[69.5573,40.7544],[69.5755,40.7316],[69.5733,40.7295],[69.5743,40.7203],[69.579,40.7151],[69.579,40.7131],[69.5826,40.711],[69.5831,40.7046],[69.5934,40.6973],[69.6031,40.6946],[69.6052,40.6918],[69.615,40.6904],[69.6253,40.6763],[69.6366,40.6732],[69.6433,40.6748],[69.6517,40.6711],[69.6532,40.6657],[69.6623,40.6576],[69.6633,40.6513],[69.6665,40.649],[69.6666,40.6388],[69.6693,40.6341],[69.6853,40.6327],[69.6898,40.6304],[69.6954,40.63],[69.6984,40.6275],[69.709,40.6286],[69.7121,40.6305],[69.7205,40.6287],[69.728,40.6333],[69.7349,40.6351],[69.7423,40.6423],[69.749,40.6452],[69.7539,40.6435],[69.7583,40.6452],[69.7649,40.6516],[69.7617,40.6593],[69.7702,40.6644],[69.774,40.6696],[69.7749,40.675],[69.7799,40.6786],[69.7817,40.6832],[69.7896,40.6895],[69.7932,40.7016],[69.816,40.7073],[69.8201,40.7058],[69.8249,40.7007],[69.8325,40.7011],[69.8351,40.6997],[69.8414,40.7066],[69.8657,40.7148],[69.8727,40.7152],[69.8787,40.7184],[69.8819,40.7221],[69.8899,40.7256],[69.8915,40.7217],[69.8956,40.7198],[69.9034,40.721],[69.907,40.7198],[69.9174,40.7204],[69.9315,40.7166],[69.9406,40.7193],[69.951,40.7258],[69.9615,40.7258],[69.9635,40.732],[69.9739,40.7389],[69.9815,40.7374],[69.986,40.7381],[69.9982,40.7355],[70.0065,40.736],[70.0192,40.7426],[70.0321,40.7449],[70.0355,40.7471],[70.0391,40.7532],[70.0472,40.753],[70.055,40.7555],[70.0682,40.7552],[70.0782,40.763],[70.0822,40.7692],[70.0923,40.775],[70.0984,40.7816],[70.1137,40.7871],[70.1157,40.7937],[70.1211,40.7989],[70.1244,40.8074],[70.1201,40.8153],[70.1274,40.8221],[70.1424,40.8244],[70.1518,40.8307],[70.1627,40.8342],[70.1738,40.8322],[70.1812,40.8338],[70.184,40.831],[70.1934,40.8275],[70.2013,40.8222],[70.2137,40.8281],[70.2191,40.8285],[70.2276,40.8344],[70.2376,40.8388],[70.2445,40.8399],[70.2664,40.8502],[70.2744,40.8668],[70.2784,40.8711],[70.2864,40.8747],[70.3025,40.877],[70.3143,40.8832],[70.3216,40.8838],[70.3264,40.8865],[70.3292,40.8865],[70.3351,40.882],[70.355,40.889],[70.3718,40.898],[70.3793,40.9181],[70.3755,40.9231],[70.3706,40.9433],[70.3816,40.9463],[70.3873,40.9515],[70.3889,40.9671],[70.388,40.9741],[70.3831,40.9786],[70.3802,40.9926],[70.3766,40.9962],[70.3746,41.0029],[70.3855,41.0098],[70.3908,41.015],[70.3957,41.0269],[70.4008,41.0268],[70.4138,41.0345],[70.4214,41.0344],[70.4276,41.0362],[70.4449,41.0451],[70.4485,41.0432],[70.4516,41.0386],[70.4587,41.0368],[70.4679,41.0416],[70.4725,41.0413],[70.4814,41.0589],[70.497,41.0794],[70.4975,41.0854],[70.4959,41.0889],[70.5088,41.0946],[70.5193,41.0971],[70.4993,41.1092],[70.4838,41.1215],[70.4641,41.1298],[70.4448,41.1429],[70.4382,41.1536],[70.4515,41.1627],[70.4506,41.1692],[70.4349,41.184],[70.4354,41.1968],[70.4262,41.2079],[70.4272,41.2338],[70.4403,41.2498],[70.4463,41.2532],[70.4489,41.2608],[70.4473,41.2619],[70.4309,41.262],[70.4202,41.2659],[70.4056,41.2624],[70.3965,41.2626],[70.3884,41.2609],[70.3882,41.29],[70.3942,41.2969],[70.3943,41.3073],[70.4016,41.3126],[70.4083,41.3088],[70.4167,41.3084],[70.421,41.3135],[70.4319,41.3184],[70.4359,41.3242],[70.4452,41.3301],[70.4546,41.3407],[70.4704,41.3478],[70.4727,41.3561],[70.4758,41.3585],[70.474,41.3648],[70.482,41.3734],[70.4873,41.3764],[70.4915,41.3866],[70.4894,41.3896],[70.4953,41.3975]],[[69.1219,41.2655],[69.1228,41.2698],[69.1253,41.2701],[69.1288,41.2761],[69.1315,41.2789],[69.1335,41.2789],[69.1349,41.2841],[69.1321,41.288],[69.1383,41.2924],[69.1385,41.2949],[69.1485,41.3051],[69.1491,41.3082],[69.1466,41.3137],[69.1544,41.3207],[69.1549,41.3272],[69.1589,41.3285],[69.1591,41.3307],[69.1623,41.3331],[69.1657,41.3511],[69.1689,41.3568],[69.2105,41.384],[69.2113,41.3867],[69.2157,41.3874],[69.2325,41.3977],[69.239,41.3986],[69.2618,41.3971],[69.2851,41.3838],[69.317,41.3844],[69.3246,41.3701],[69.3435,41.3562],[69.351,41.3547],[69.3566,41.3558],[69.3638,41.3625],[69.3754,41.3613],[69.3922,41.3671],[69.3944,41.3654],[69.3962,41.3677],[69.3983,41.367],[69.4029,41.3697],[69.4045,41.3678],[69.4007,41.366],[69.4008,41.3624],[69.3959,41.3607],[69.3949,41.3549],[69.3988,41.3556],[69.4076,41.344],[69.395,41.3391],[69.3929,41.3421],[69.3871,41.3398],[69.3805,41.3416],[69.3792,41.3348],[69.3764,41.3316],[69.3502,41.3126],[69.3488,41.3075],[69.3601,41.3056],[69.3632,41.3001],[69.375,41.3022],[69.3747,41.3048],[69.3806,41.306],[69.3821,41.3048],[69.3667,41.2976],[69.3731,41.2906],[69.377,41.2896],[69.3773,41.2865],[69.3717,41.2848],[69.3743,41.2781],[69.3901,41.2665],[69.3978,41.2655],[69.3968,41.2632],[69.3841,41.2545],[69.3928,41.2476],[69.3925,41.2421],[69.3874,41.2389],[69.3829,41.2429],[69.3742,41.2434],[69.3756,41.2462],[69.373,41.247],[69.3685,41.2435],[69.3645,41.2435],[69.3579,41.2392],[69.3504,41.2317],[69.349,41.2255],[69.3464,41.2246],[69.3416,41.2287],[69.3342,41.2234],[69.3352,41.2257],[69.3308,41.226],[69.3297,41.2235],[69.3271,41.2241],[69.3228,41.2201],[69.3212,41.2245],[69.311,41.2154],[69.2952,41.2081],[69.2813,41.2044],[69.2638,41.1967],[69.2563,41.1917],[69.2618,41.184],[69.2596,41.1706],[69.239,41.171],[69.2361,41.1691],[69.231,41.1719],[69.2262,41.1768],[69.2317,41.182],[69.2351,41.1908],[69.2019,41.1886],[69.1966,41.1868],[69.1937,41.1832],[69.1798,41.1822],[69.1873,41.1917],[69.1988,41.1952],[69.2033,41.1983],[69.2013,41.2034],[69.1913,41.2036],[69.1901,41.2053],[69.2057,41.2246],[69.2027,41.2291],[69.2177,41.2461],[69.217,41.2524],[69.2157,41.2524],[69.2151,41.248],[69.2013,41.2402],[69.2007,41.2351],[69.1943,41.2306],[69.1917,41.2251],[69.188,41.2239],[69.1891,41.2226],[69.1866,41.2226],[69.1876,41.2206],[69.186,41.2207],[69.1858,41.2189],[69.1884,41.2167],[69.1856,41.216],[69.1866,41.2125],[69.1852,41.2108],[69.1736,41.2167],[69.1755,41.2213],[69.1632,41.2352],[69.1664,41.2418],[69.164,41.2489],[69.1479,41.262],[69.1463,41.2758],[69.1475,41.281],[69.141,41.2779],[69.1399,41.2752],[69.1315,41.269],[69.1231,41.2671],[69.1219,41.2655]],[[69.4276,41.4004],[69.4321,41.4029],[69.4298,41.407],[69.4348,41.4065],[69.4357,41.4053],[69.4333,41.4035],[69.4356,41.401],[69.4408,41.4035],[69.439,41.4056],[69.4436,41.4077],[69.4549,41.4044],[69.4626,41.4087],[69.4647,41.4121],[69.4717,41.4157],[69.4735,41.4146],[69.4644,41.4093],[69.4679,41.4072],[69.471,41.4081],[69.4696,41.4057],[69.46,41.4017],[69.4396,41.3975],[69.4338,41.3994],[69.4283,41.3985],[69.4276,41.4004]]],[[[69.2141,41.2377],[69.2221,41.2238],[69.2314,41.2354],[69.2423,41.2361],[69.2454,41.2155],[69.2621,41.2224],[69.2717,41.214],[69.2779,41.2177],[69.2866,41.2197],[69.3018,41.2286],[69.3122,41.2328],[69.317,41.2372],[69.3212,41.2378],[69.3123,41.244],[69.2427,41.2443],[69.2212,41.2435],[69.2141,41.2377]]]]}},{"type":"Feature","properties":{"shapeName":"Sirdaryo Region","shapeISO":"UZ-SI","shapeID":"4885205B28875075161645","shapeGroup":"UZB","shapeType":"ADM1"},"geometry":{"type":"Polygon","coordinates":[[[68.6404,40.9448],[68.6286,40.9605],[68.6268,40.9653],[68.6277,40.9686],[68.631,40.972],[68.6375,40.9744],[68.6546,40.9757],[68.6672,40.9794],[68.6722,40.9824],[68.6734,40.9876],[68.6707,40.9909],[68.6622,40.9949],[68.6507,40.9967],[68.6308,40.9969],[68.6194,41.0018],[68.6094,41.0119],[68.6089,41.0275],[68.606,41.0305],[68.6027,41.0313],[68.5895,41.0288],[68.5786,41.0208],[68.5712,41.0117],[68.5592,41.007],[68.5363,41.0128],[68.5312,41.0162],[68.5285,41.014],[68.523,41.0147],[68.5135,41.0099],[68.5045,40.9999],[68.5041,40.9907],[68.4973,40.9792],[68.4983,40.9734],[68.4652,40.963],[68.4664,40.9544],[68.4766,40.9507],[68.4829,40.9525],[68.4849,40.9553],[68.4911,40.9562],[68.4965,40.9592],[68.5005,40.9583],[68.5065,40.9593],[68.514,40.9625],[68.517,40.9564],[68.5157,40.953],[68.5201,40.9508],[68.5175,40.9477],[68.5175,40.9424],[68.5488,40.9467],[68.5508,40.9442],[68.5552,40.9425],[68.5587,40.9379],[68.568,40.9344],[68.5752,40.9266],[68.5826,40.9243],[68.5807,40.9206],[68.5818,40.9175],[68.5766,40.9064],[68.5767,40.8969],[68.5862,40.886],[68.5905,40.8651],[68.5848,40.8571],[68.5796,40.8538],[68.564,40.8486],[68.5624,40.8414],[68.5623,40.8058],[68.5734,40.7909],[68.5858,40.7806],[68.5839,40.7083],[68.6092,40.7077],[68.6189,40.7],[68.6189,40.6979],[68.6341,40.6976],[68.635,40.701],[68.6438,40.6941],[68.6437,40.6917],[68.6363,40.6863],[68.6461,40.6861],[68.6463,40.6822],[68.6511,40.6821],[68.6513,40.6803],[68.6536,40.6801],[68.6486,40.6763],[68.6478,40.6495],[68.6426,40.6459],[68.6424,40.6382],[68.6372,40.6343],[68.6271,40.6346],[68.6218,40.6305],[68.6537,40.6129],[68.6585,40.6086],[68.6631,40.5996],[68.6413,40.5997],[68.6104,40.5771],[68.5818,40.5686],[68.5631,40.5792],[68.5353,40.5795],[68.5316,40.5834],[68.5234,40.581],[68.5022,40.5797],[68.4927,40.5724],[68.479,40.5867],[68.4353,40.5969],[68.4102,40.6152],[68.3711,40.6174],[68.2982,40.6564],[68.2484,40.6758],[68.1977,40.5742],[68.1966,40.5599],[68.1666,40.5844],[68.1523,40.5459],[68.1385,40.4984],[68.1926,40.4897],[68.1912,40.4367],[68.2128,40.4207],[68.1189,40.3478],[68.0908,40.2944],[68.0886,40.2753],[68.0919,40.2594],[68.0992,40.2444],[68.1136,40.2283],[68.1205,40.2275],[68.2622,40.2225],[68.3611,40.2253],[68.3883,40.2283],[68.448,40.2389],[68.4972,40.2519],[68.6517,40.2792],[68.6583,40.2678],[68.6412,40.184],[68.6399,40.1698],[68.6811,40.1786],[68.6884,40.1783],[68.694,40.1814],[68.712,40.187],[68.7796,40.2039],[68.7973,40.1726],[68.8106,40.1779],[68.8237,40.179],[68.8435,40.1834],[68.8407,40.194],[68.8472,40.1952],[68.852,40.1978],[68.8516,40.2032],[68.8628,40.21],[69.0357,40.2287],[69.0521,40.2266],[69.0612,40.2228],[69.0757,40.2215],[69.0782,40.2229],[69.1246,40.2193],[69.1492,40.216],[69.1653,40.2106],[69.1698,40.2121],[69.1652,40.2131],[69.1619,40.2161],[69.1546,40.2315],[69.1418,40.2395],[69.1322,40.2634],[69.1265,40.2671],[69.1139,40.2809],[69.0836,40.3042],[69.0748,40.3186],[69.0738,40.3579],[69.0864,40.3706],[69.0781,40.3782],[69.0802,40.3899],[69.0766,40.398],[69.0877,40.402],[69.0965,40.4124],[69.1103,40.4197],[69.1173,40.4278],[69.1189,40.4329],[69.1157,40.4405],[69.1149,40.4492],[69.1047,40.4573],[69.1028,40.4648],[69.1033,40.4731],[69.087,40.4808],[69.0853,40.4836],[69.0853,40.4885],[69.0875,40.4913],[69.0937,40.494],[69.101,40.4943],[69.1074,40.4986],[69.1081,40.5011],[69.1057,40.5051],[69.0969,40.5093],[69.0846,40.5032],[69.0717,40.5007],[69.0647,40.502],[69.0671,40.506],[69.0761,40.511],[69.0808,40.5195],[69.0802,40.5498],[69.0822,40.5559],[69.0766,40.5701],[69.0835,40.5718],[69.0911,40.5707],[69.0999,40.5615],[69.1034,40.5622],[69.1058,40.5662],[69.0959,40.579],[69.0844,40.5861],[69.0805,40.585],[69.0765,40.5812],[69.0753,40.5714],[69.0629,40.5706],[69.0582,40.5748],[69.0602,40.5792],[69.0818,40.5896],[69.089,40.5953],[69.0909,40.6006],[69.0883,40.6064],[69.0696,40.6101],[69.0529,40.624],[69.0526,40.6289],[69.0621,40.6358],[69.0522,40.6448],[69.0366,40.6476],[69.0061,40.6412],[68.989,40.6437],[68.9871,40.6482],[69.0046,40.6617],[69.0058,40.6682],[69.0005,40.6707],[68.9937,40.6713],[68.9799,40.6669],[68.961,40.6656],[68.9539,40.6709],[68.9522,40.6734],[68.9531,40.6766],[68.9622,40.6803],[68.9642,40.6828],[68.9577,40.6932],[68.9526,40.6968],[68.9512,40.7101],[68.9503,40.7114],[68.9342,40.7148],[68.9224,40.713],[68.9162,40.7148],[68.9116,40.7182],[68.9061,40.7282],[68.9076,40.741],[68.9042,40.7438],[68.9054,40.7452],[68.9037,40.7505],[68.897,40.7591],[68.8945,40.7705],[68.8817,40.7823],[68.8638,40.7888],[68.8454,40.7919],[68.8341,40.7914],[68.8296,40.7931],[68.8276,40.7967],[68.8301,40.8003],[68.8308,40.8065],[68.8286,40.8167],[68.824,40.819],[68.8073,40.8204],[68.8022,40.8226],[68.7918,40.8315],[68.7633,40.8393],[68.7583,40.8487],[68.7492,40.8502],[68.736,40.8445],[68.7292,40.8469],[68.7264,40.8521],[68.74,40.8626],[68.7419,40.8658],[68.7402,40.8738],[68.7329,40.8749],[68.729,40.8728],[68.72,40.8585],[68.717,40.8566],[68.7087,40.8569],[68.706,40.8584],[68.7094,40.8672],[68.7096,40.873],[68.7156,40.8782],[68.7219,40.8877],[68.7215,40.8903],[68.7098,40.8942],[68.7054,40.8995],[68.6922,40.9057],[68.6886,40.9143],[68.6848,40.918],[68.6648,40.9227],[68.6605,40.9284],[68.6555,40.9296],[68.6457,40.9372],[68.6404,40.9448]]]}},{"type":"Feature","properties":{"shapeName":"Jizzakh Region","shapeISO":"UZ-JI","shapeID":"4885205B95489449998794","shapeGroup":"UZB","shapeType":"ADM1"},"geometry":{"type":"Polygon","coordinates":[[[66.62,40.4951],[66.6653,40.4897],[66.7886,40.48],[66.8883,40.4783],[66.9091,40.4422],[66.9094,40.4242],[66.9072,40.4181],[66.8914,40.3939],[66.8883,40.3811],[66.8905,40.3161],[66.9086,40.248],[66.9489,40.2205],[66.9783,40.1789],[66.98,40.1739],[66.9786,40.1605],[66.9689,40.1383],[66.9636,40.1356],[66.9369,40.1308],[66.9347,40.125],[66.9394,40.0742],[66.9422,40.0633],[67.0683,39.998],[67.1142,39.9847],[67.2183,39.978],[67.4414,39.9382],[67.4548,39.9281],[67.4704,39.921],[67.5028,39.8325],[67.5044,39.8155],[67.4983,39.8136],[67.4764,39.813],[67.443,39.8067],[67.3964,39.7894],[67.3814,39.7805],[67.365,39.7653],[67.2953,39.6778],[67.2925,39.6655],[67.2936,39.6019],[67.298,39.5861],[67.3122,39.57],[67.3344,39.5525],[67.4022,39.5067],[67.4292,39.4903],[67.4364,39.4986],[67.4044,39.5087],[67.4028,39.5099],[67.4027,39.5146],[67.3975,39.5194],[67.3981,39.5216],[67.3946,39.5231],[67.3967,39.5281],[67.4019,39.5334],[67.41,39.5327],[67.4135,39.5351],[67.4391,39.5368],[67.4663,39.5313],[67.4691,39.5328],[67.4715,39.5362],[67.4706,39.5416],[67.4641,39.5433],[67.4605,39.5421],[67.4558,39.5469],[67.4513,39.5488],[67.4458,39.5483],[67.4439,39.5502],[67.45,39.5672],[67.4563,39.5737],[67.4507,39.5768],[67.4521,39.5783],[67.4537,39.5788],[67.4634,39.5751],[67.4705,39.5773],[67.4838,39.5768],[67.4986,39.5837],[67.509,39.5792],[67.5196,39.5801],[67.5242,39.5841],[67.5308,39.5852],[67.5348,39.5896],[67.5461,39.5903],[67.5486,39.5885],[67.5575,39.5884],[67.5655,39.5945],[67.5757,39.5947],[67.5824,39.6],[67.592,39.5973],[67.614,39.5981],[67.6186,39.6002],[67.6276,39.6008],[67.6305,39.6043],[67.6283,39.6101],[67.629,39.6134],[67.6345,39.6199],[67.6473,39.6251],[67.6478,39.6302],[67.6515,39.6354],[67.6598,39.6367],[67.6646,39.6416],[67.6799,39.6381],[67.6837,39.6387],[67.708,39.6597],[67.7355,39.6507],[67.7608,39.6399],[67.7659,39.6405],[67.7818,39.6468],[67.7931,39.657],[67.8057,39.6531],[67.8172,39.6437],[67.829,39.6392],[67.8359,39.6307],[67.8619,39.6238],[67.8751,39.6274],[67.8999,39.6107],[67.9121,39.6091],[67.9389,39.5988],[67.9491,39.6035],[67.9761,39.6048],[67.9991,39.5906],[68.0209,39.5847],[68.0355,39.5766],[68.0647,39.571],[68.0804,39.5753],[68.1112,39.5633],[68.1148,39.5603],[68.1336,39.5599],[68.1443,39.5639],[68.1602,39.5621],[68.1741,39.5664],[68.187,39.5604],[68.1949,39.5539],[68.2129,39.5516],[68.2356,39.5568],[68.2407,39.556],[68.2507,39.5622],[68.2585,39.5592],[68.2709,39.5583],[68.2788,39.5603],[68.2853,39.5594],[68.299,39.5494],[68.3096,39.5541],[68.3171,39.5502],[68.3382,39.5443],[68.3488,39.5387],[68.3529,39.5336],[68.3695,39.5299],[68.3772,39.538],[68.3913,39.5444],[68.4084,39.5408],[68.4153,39.5423],[68.424,39.5379],[68.4435,39.54],[68.4478,39.5365],[68.4514,39.5362],[68.4559,39.5336],[68.4604,39.5343],[68.4648,39.5381],[68.4796,39.5362],[68.4815,39.539],[68.4887,39.5398],[68.4906,39.5426],[68.5018,39.5399],[68.5064,39.5355],[68.5102,39.5346],[68.512,39.5306],[68.5243,39.5324],[68.5252,39.5343],[68.5479,39.5387],[68.5484,39.5444],[68.5416,39.5497],[68.5463,39.5599],[68.5366,39.5713],[68.5381,39.5847],[68.545,39.5882],[68.5508,39.5995],[68.5637,39.5987],[68.5719,39.6034],[68.5798,39.6259],[68.5993,39.6253],[68.6057,39.6303],[68.6118,39.6381],[68.6176,39.6373],[68.6211,39.6674],[68.6299,39.682],[68.6065,39.6924],[68.6053,39.7166],[68.5963,39.7193],[68.5885,39.7249],[68.5931,39.7297],[68.6056,39.7382],[68.6147,39.7402],[68.6338,39.763],[68.6352,39.8293],[68.6295,39.8397],[68.633,39.8524],[68.6358,39.8549],[68.6401,39.854],[68.653,39.8468],[68.6673,39.8456],[68.6694,39.843],[68.6686,39.8367],[68.6815,39.835],[68.7048,39.8507],[68.7159,39.8539],[68.7214,39.8581],[68.7342,39.8571],[68.743,39.8525],[68.7497,39.8312],[68.7619,39.8243],[68.7719,39.826],[68.777,39.8297],[68.7829,39.8535],[68.7893,39.8601],[68.8093,39.8635],[68.8274,39.8729],[68.8404,39.8893],[68.8418,39.9129],[68.839,39.9194],[68.8358,39.9371],[68.8285,39.946],[68.8231,39.9484],[68.8166,39.968],[68.8126,39.9686],[68.8112,39.9744],[68.821,39.979],[68.8197,39.9858],[68.8235,39.9864],[68.8281,39.971],[68.8448,39.9416],[68.8487,39.9173],[68.8501,39.8875],[68.8489,39.8694],[68.8711,39.864],[68.8941,39.8683],[68.9095,39.8805],[68.9235,39.9115],[68.9346,39.9155],[68.9346,39.9215],[68.9304,39.9266],[68.9166,39.9336],[68.9112,39.9541],[68.8894,39.9889],[68.8749,40.0022],[68.8562,40.0341],[68.8463,40.0478],[68.8655,40.0547],[68.8772,40.0557],[68.8886,40.055],[68.8933,40.0482],[68.8972,40.0498],[68.9012,40.0665],[68.9048,40.0679],[68.9121,40.0654],[68.9158,40.0612],[68.9265,40.0625],[68.9446,40.0616],[68.9681,40.0658],[68.9573,40.0837],[68.9605,40.088],[68.9711,40.0926],[68.9812,40.0936],[68.9955,40.0902],[69.0085,40.0991],[69.0254,40.118],[69.0252,40.1467],[69.0228,40.1526],[69.0152,40.1535],[68.9968,40.1498],[68.9821,40.1422],[68.941,40.1453],[68.9265,40.1434],[68.9147,40.1395],[68.8972,40.1371],[68.8816,40.1331],[68.8591,40.1245],[68.8523,40.124],[68.8478,40.1214],[68.8306,40.118],[68.8112,40.1166],[68.7824,40.1072],[68.7731,40.0994],[68.7658,40.098],[68.7503,40.1013],[68.7364,40.0991],[68.7228,40.0993],[68.702,40.0944],[68.6941,40.095],[68.6544,40.0819],[68.6332,40.0767],[68.531,40.1178],[68.5329,40.1438],[68.5548,40.151],[68.5815,40.1538],[68.5979,40.1571],[68.6067,40.1611],[68.6399,40.1698],[68.6412,40.184],[68.6583,40.2678],[68.6517,40.2792],[68.4972,40.2519],[68.448,40.2389],[68.3883,40.2283],[68.3611,40.2253],[68.2622,40.2225],[68.1205,40.2275],[68.1136,40.2283],[68.0992,40.2444],[68.0919,40.2594],[68.0886,40.2753],[68.0908,40.2944],[68.1189,40.3478],[68.2128,40.4207],[68.1912,40.4367],[68.1926,40.4897],[68.1385,40.4984],[68.1523,40.5459],[68.1666,40.5844],[68.1966,40.5599],[68.1977,40.5742],[68.2484,40.6758],[68.2178,40.6875],[68.1681,40.7193],[68.0772,40.7889],[68.0235,40.8007],[67.976,40.833],[67.9794,40.8411],[67.9703,40.8512],[67.9718,40.8539],[67.9696,40.8558],[67.9723,40.8619],[67.9875,40.8605],[67.9924,40.8586],[67.9947,40.8604],[68.006,40.8606],[68.0077,40.8832],[68.0066,40.8857],[68.0122,40.8905],[68.0102,40.8937],[68.0276,40.9024],[68.0319,40.903],[68.0333,40.9057],[68.0392,40.9093],[68.0488,40.9097],[68.0541,40.9133],[68.0725,40.9167],[68.0732,40.9246],[68.0816,40.9233],[68.0887,40.9255],[68.0967,40.9364],[68.0915,40.942],[68.0843,40.9418],[68.0633,40.9456],[68.0665,40.9506],[68.0716,40.9533],[68.075,40.9496],[68.0825,40.9531],[68.0765,40.9604],[68.0842,40.9634],[68.0843,40.966],[68.088,40.9701],[68.0785,40.9879],[68.0776,40.9948],[68.0823,41.0012],[68.0683,41.0081],[68.0577,41.0057],[68.0489,41.019],[68.0567,41.0212],[68.0737,41.0217],[68.0885,41.0307],[68.1087,41.0341],[68.1107,41.036],[68.1271,41.0322],[68.1277,41.0385],[68.127,41.0447],[68.119,41.0471],[68.1148,41.0547],[68.1125,41.0672],[68.1056,41.0666],[68.1018,41.068],[68.0888,41.0749],[68.0854,41.0806],[68.0805,41.0819],[68.0709,41.0803],[68.0677,41.0775],[68.0604,41.0656],[68.0513,41.042],[68.0478,41.0416],[68.0413,41.0448],[68.0243,41.0381],[68.0242,41.0183],[68.0204,41.0182],[68.0204,41.0204],[67.9836,41.0261],[67.9834,41.0288],[67.9865,41.0315],[67.9874,41.0403],[67.984,41.0646],[67.9885,41.0856],[67.9861,41.0967],[67.9656,41.1501],[67.9466,41.1506],[67.9441,41.1517],[67.9433,41.15],[67.936,41.1501],[67.892,41.1524],[67.8648,41.1351],[67.8104,41.1573],[67.7331,41.1831],[67.6985,41.1763],[67.6872,41.1726],[67.5741,41.1686],[67.3643,41.1271],[67.3138,41.1344],[67.017,41.1373],[66.9995,41.1408],[66.7562,41.1413],[66.7531,41.1169],[66.608,41.1133],[66.6292,40.9533],[66.6325,40.9389],[66.6405,40.9258],[66.648,40.9181],[66.6686,40.9086],[66.6989,40.9042],[66.7608,40.8914],[66.7664,40.8875],[66.7714,40.8789],[66.8053,40.7661],[66.7991,40.7539],[66.7789,40.73],[66.7317,40.6664],[66.6358,40.5247],[66.6244,40.5067],[66.62,40.4951]]]}},{"type":"Feature","properties":{"shapeName":"Bukhara Region","shapeISO":"UZ-BU","shapeID":"4885205B6498512583322","shapeGroup":"UZB","shapeType":"ADM1"},"geometry":{"type":"Polygon","coordinates":[[[62.2458,40.9988],[62.2617,40.9833],[62.4372,40.8344],[62.4519,40.8155],[62.4514,40.7903],[62.4342,40.7278],[62.335,40.6433],[62.199,40.5177],[62.2077,40.5085],[62.2363,40.4941],[62.2637,40.4848],[62.2923,40.4608],[62.3208,40.4469],[62.3286,40.4458],[62.3495,40.4383],[62.3504,40.4332],[62.3439,40.409],[62.3332,40.3835],[62.3346,40.3749],[62.3501,40.3575],[62.3657,40.3478],[62.3751,40.34],[62.3915,40.3179],[62.3932,40.3108],[62.392,40.3012],[62.3843,40.2861],[62.3835,40.2761],[62.3884,40.2634],[62.3897,40.2445],[62.4025,40.2107],[62.4055,40.1903],[62.4138,40.1735],[62.4144,40.152],[62.4119,40.1299],[62.3971,40.11],[62.3965,40.0993],[62.4006,40.093],[62.427,40.0649],[62.4298,40.0357],[62.4363,40.0241],[62.4349,40.015],[62.4427,39.9911],[62.4623,39.9697],[62.4879,39.9514],[62.798,39.7758],[62.9486,39.6961],[63.1704,39.5741],[63.2621,39.5275],[63.3037,39.5037],[63.3585,39.4748],[63.4204,39.4454],[63.4306,39.4122],[63.5651,39.3376],[63.6942,39.2724],[63.7051,39.2239],[63.7626,39.1928],[63.7757,39.1838],[63.9956,39.0632],[64.0087,39.0534],[64.095,39.0074],[64.1715,38.9707],[64.1812,38.9619],[64.2343,38.9665],[64.3137,38.9658],[64.3549,38.9767],[64.3865,38.9522],[64.4986,39.0522],[64.7558,39.1269],[64.8905,39.1642],[64.8947,39.1686],[64.8967,39.1744],[64.8917,39.1831],[64.8739,39.2028],[64.8561,39.2175],[64.8453,39.2292],[64.8405,39.2378],[64.8375,39.2522],[64.8383,39.2578],[64.845,39.2694],[64.8492,39.2739],[64.9528,39.3479],[64.9553,39.3494],[64.9735,39.3497],[64.9987,39.396],[65.0413,39.4121],[65.0991,39.4435],[65.1054,39.4489],[65.1003,39.5047],[65.0925,39.5239],[64.9975,39.6811],[64.8914,39.7428],[64.8219,39.7297],[64.7986,39.7308],[64.6768,39.8359],[64.6063,39.9162],[64.6114,39.9562],[64.6589,39.9982],[64.7166,40.0317],[64.7885,40.064],[64.7923,40.0778],[64.7971,40.1211],[64.8184,40.1356],[64.8249,40.1443],[64.8608,40.1475],[64.8802,40.1514],[64.8909,40.1561],[64.9001,40.2003],[64.8935,40.2262],[64.8893,40.2695],[64.8863,40.277],[64.8787,40.2869],[64.8399,40.3223],[64.8593,40.3456],[64.8703,40.355],[64.8877,40.3653],[64.8981,40.3687],[64.9204,40.3711],[64.9431,40.3708],[64.9652,40.3681],[64.997,40.3556],[65.0119,40.3518],[65.0602,40.3475],[65.0921,40.3413],[65.1591,40.3362],[65.1637,40.3559],[65.18,40.3997],[65.2217,40.4293],[65.2545,40.5301],[65.3609,40.5344],[65.3772,40.5464],[65.3663,40.5983],[65.3689,40.6549],[65.3879,40.7144],[65.2164,40.6697],[65.088,40.68],[64.9014,40.6997],[64.8792,40.7053],[64.8619,40.7122],[64.8372,40.7303],[64.7908,40.8967],[64.7739,40.943],[64.7528,40.9467],[64.743,40.9436],[64.7275,40.9092],[64.703,40.865],[64.6539,40.8589],[64.5719,40.8578],[64.4633,40.8483],[64.4511,40.8453],[64.4333,40.7714],[64.4292,40.7633],[64.0789,40.7944],[64.0767,40.9194],[64.0405,40.9511],[64.0217,40.9536],[63.9742,40.9344],[63.9517,40.9164],[63.8353,40.7161],[63.8233,40.7131],[63.7664,40.7092],[63.6975,40.7069],[63.6928,40.7078],[63.703,40.7444],[63.6958,40.7689],[63.6836,40.7861],[63.6378,40.8136],[63.4742,40.9305],[63.2417,40.9828],[63.1253,41.0205],[63.0569,41.0356],[63.0128,41.0347],[63.0031,41.0286],[62.9839,41.0272],[62.9717,41.05],[62.9414,41.1342],[62.8964,41.2053],[62.8625,41.2311],[62.7858,41.2622],[62.7342,41.2875],[62.6875,41.3253],[62.6575,41.3589],[62.5853,41.468],[62.2177,41.4329],[62.3983,41.1647],[62.4761,41.0817],[62.2458,40.9988]]]}},{"type":"Feature","properties":{"shapeName":"Qashqadaryo Region","shapeISO":"UZ-QA","shapeID":"4885205B24593429876046","shapeGroup":"UZB","shapeType":"ADM1"},"geometry":{"type":"Polygon","coordinates":[[[65.1054,39.4489],[65.0991,39.4435],[65.0413,39.4121],[64.9987,39.396],[64.9735,39.3497],[64.9553,39.3494],[64.9528,39.3479],[64.8492,39.2739],[64.845,39.2694],[64.8383,39.2578],[64.8375,39.2522],[64.8405,39.2378],[64.8453,39.2292],[64.8561,39.2175],[64.8739,39.2028],[64.8917,39.1831],[64.8967,39.1744],[64.8947,39.1686],[64.8905,39.1642],[64.7558,39.1269],[64.4986,39.0522],[64.3865,38.9522],[64.5248,38.8468],[64.6641,38.7708],[64.6854,38.7643],[64.7007,38.7564],[64.7168,38.7521],[64.7841,38.7093],[64.7973,38.6963],[64.8205,38.683],[64.863,38.6814],[64.897,38.6708],[64.9122,38.6591],[64.9634,38.6267],[64.9767,38.6227],[64.9961,38.6113],[65.031,38.6077],[65.0375,38.6057],[65.1557,38.5203],[65.1712,38.5026],[65.3196,38.4203],[65.5417,38.3002],[65.5379,38.2969],[65.5379,38.2909],[65.5397,38.2893],[65.5618,38.2896],[65.6394,38.2755],[65.7851,38.2592],[65.8286,38.2558],[65.8327,38.2536],[65.8316,38.2511],[65.8379,38.25],[65.842,38.253],[65.8451,38.263],[65.8515,38.2741],[65.8724,38.2787],[65.8955,38.2787],[65.915,38.2747],[65.9367,38.2588],[65.9562,38.2412],[65.9758,38.231],[65.9938,38.2264],[66.0234,38.2276],[66.0335,38.2247],[66.045,38.2139],[66.0501,38.2111],[66.0689,38.2088],[66.084,38.2037],[66.0941,38.202],[66.1049,38.1855],[66.1186,38.1786],[66.1439,38.1718],[66.1943,38.1609],[66.2354,38.1592],[66.2455,38.154],[66.2735,38.1142],[66.3131,38.0788],[66.3253,38.0725],[66.3469,38.0645],[66.3735,38.0508],[66.4,38.0325],[66.4273,38.0267],[66.4396,38.0278],[66.4965,38.0419],[66.5512,38.0382],[66.5656,38.0359],[66.5944,38.0267],[66.6202,38.014],[66.672,37.9661],[66.6661,37.9816],[66.6886,38.0547],[66.698,38.0761],[66.9486,38.2828],[67.025,38.3142],[67.0647,38.3361],[67.1169,38.3775],[67.1266,38.3922],[67.1347,38.4161],[67.1383,38.4419],[67.1492,38.4878],[67.1539,38.4989],[67.3461,38.6497],[67.3719,38.6875],[67.3894,38.7094],[67.4022,38.7203],[67.4119,38.7261],[67.4366,38.7317],[67.4675,38.7305],[67.4892,38.725],[67.4991,38.7189],[67.5197,38.7008],[67.5253,38.698],[67.5314,38.6978],[67.5589,38.7636],[67.5603,38.7705],[67.5575,38.8417],[67.5542,38.8505],[67.5461,38.8583],[67.5239,38.8939],[67.5122,38.9469],[67.5136,38.9536],[67.5233,38.9678],[67.5378,38.9775],[67.5489,38.9817],[67.5675,38.9861],[67.6333,38.9878],[67.6539,38.99],[67.6653,38.9942],[67.675,38.9997],[67.6925,39.0139],[67.6814,39.0185],[67.6859,39.0249],[67.6786,39.0393],[67.6835,39.0434],[67.6836,39.0538],[67.6809,39.0577],[67.6716,39.0635],[67.6735,39.0719],[67.6681,39.0847],[67.6744,39.099],[67.6776,39.1292],[67.6752,39.1451],[67.6626,39.1436],[67.6426,39.144],[67.6301,39.1465],[67.6247,39.1525],[67.6249,39.167],[67.6094,39.1779],[67.5842,39.1883],[67.5688,39.1835],[67.55,39.1803],[67.5343,39.1801],[67.5026,39.1833],[67.5002,39.197],[67.4621,39.2032],[67.4413,39.2121],[67.4023,39.2213],[67.4007,39.2264],[67.3556,39.228],[67.3309,39.2372],[67.358,39.2852],[67.3386,39.2964],[67.3369,39.3055],[67.3181,39.3189],[67.27,39.3072],[67.2469,39.3133],[67.1914,39.3317],[67.1097,39.3505],[67.095,39.3531],[67.0819,39.3531],[67.0758,39.3522],[67.0705,39.3494],[67.0667,39.3442],[67.0655,39.3339],[67.0681,39.3242],[67.0681,39.3142],[67.0658,39.3083],[67.0566,39.3003],[67.0389,39.2967],[66.955,39.2928],[66.9353,39.2928],[66.9142,39.2953],[66.8939,39.3042],[66.8892,39.3078],[66.8869,39.3122],[66.8855,39.3219],[66.8955,39.3505],[66.8978,39.3717],[66.8872,39.3939],[66.8839,39.398],[66.8736,39.405],[66.6883,39.4308],[66.6625,39.4297],[66.645,39.425],[66.6269,39.4092],[66.6033,39.3792],[66.5855,39.3631],[66.5803,39.3603],[66.5067,39.3369],[66.5003,39.3367],[66.4853,39.3422],[66.4497,39.3617],[66.4142,39.3858],[66.3889,39.3983],[66.3753,39.4011],[66.2119,39.3697],[66.1411,39.3417],[66.0933,39.3183],[66.0872,39.3172],[66.0603,39.3178],[65.9936,39.3308],[65.978,39.335],[65.9733,39.3386],[65.9714,39.3636],[65.9114,39.4417],[65.84,39.5056],[65.7466,39.5203],[65.7458,39.5147],[65.7417,39.5103],[65.7108,39.4922],[65.6825,39.483],[65.6503,39.48],[65.468,39.4833],[65.2705,39.4889],[65.2555,39.4916],[65.2519,39.4872],[65.2469,39.4844],[65.2355,39.4808],[65.1792,39.4742],[65.1492,39.468],[65.1319,39.4617],[65.1054,39.4489]]]}},{"type":"Feature","properties":{"shapeName":"Tashkent","shapeISO":"UZ-TK","shapeID":"4885205B91155372132343","shapeGroup":"UZB","shapeType":"ADM1"},"geometry":{"type":"MultiPolygon","coordinates":[[[[69.1219,41.2655],[69.1231,41.2671],[69.1315,41.269],[69.1399,41.2752],[69.141,41.2779],[69.1475,41.281],[69.1463,41.2758],[69.1479,41.262],[69.164,41.2489],[69.1664,41.2418],[69.1632,41.2352],[69.1755,41.2213],[69.1736,41.2167],[69.1852,41.2108],[69.1866,41.2125],[69.1856,41.216],[69.1884,41.2167],[69.1858,41.2189],[69.186,41.2207],[69.1876,41.2206],[69.1866,41.2226],[69.1891,41.2226],[69.188,41.2239],[69.1917,41.2251],[69.1943,41.2306],[69.2007,41.2351],[69.2013,41.2402],[69.2151,41.248],[69.2157,41.2524],[69.217,41.2524],[69.2177,41.2461],[69.2027,41.2291],[69.2057,41.2246],[69.1901,41.2053],[69.1913,41.2036],[69.2013,41.2034],[69.2033,41.1983],[69.1988,41.1952],[69.1873,41.1917],[69.1798,41.1822],[69.1937,41.1832],[69.1966,41.1868],[69.2019,41.1886],[69.2351,41.1908],[69.2317,41.182],[69.2262,41.1768],[69.231,41.1719],[69.2361,41.1691],[69.239,41.171],[69.2596,41.1706],[69.2618,41.184],[69.2563,41.1917],[69.2638,41.1967],[69.2813,41.2044],[69.2952,41.2081],[69.311,41.2154],[69.3212,41.2245],[69.3228,41.2201],[69.3271,41.2241],[69.3297,41.2235],[69.3308,41.226],[69.3352,41.2257],[69.3342,41.2234],[69.3416,41.2287],[69.3464,41.2246],[69.349,41.2255],[69.3504,41.2317],[69.3579,41.2392],[69.3645,41.2435],[69.3685,41.2435],[69.373,41.247],[69.3756,41.2462],[69.3742,41.2434],[69.3829,41.2429],[69.3874,41.2389],[69.3925,41.2421],[69.3928,41.2476],[69.3841,41.2545],[69.3968,41.2632],[69.3978,41.2655],[69.3901,41.2665],[69.3743,41.2781],[69.3717,41.2848],[69.3773,41.2865],[69.377,41.2896],[69.3731,41.2906],[69.3667,41.2976],[69.3821,41.3048],[69.3806,41.306],[69.3747,41.3048],[69.375,41.3022],[69.3632,41.3001],[69.3601,41.3056],[69.3488,41.3075],[69.3502,41.3126],[69.3764,41.3316],[69.3792,41.3348],[69.3805,41.3416],[69.3871,41.3398],[69.3929,41.3421],[69.395,41.3391],[69.4076,41.344],[69.3988,41.3556],[69.3949,41.3549],[69.3959,41.3607],[69.4008,41.3624],[69.4007,41.366],[69.4045,41.3678],[69.4029,41.3697],[69.3983,41.367],[69.3962,41.3677],[69.3944,41.3654],[69.3922,41.3671],[69.3754,41.3613],[69.3638,41.3625],[69.3566,41.3558],[69.351,41.3547],[69.3435,41.3562],[69.3246,41.3701],[69.317,41.3844],[69.2851,41.3838],[69.2618,41.3971],[69.239,41.3986],[69.2325,41.3977],[69.2157,41.3874],[69.2113,41.3867],[69.2105,41.384],[69.1689,41.3568],[69.1657,41.3511],[69.1623,41.3331],[69.1591,41.3307],[69.1589,41.3285],[69.1549,41.3272],[69.1544,41.3207],[69.1466,41.3137],[69.1491,41.3082],[69.1485,41.3051],[69.1385,41.2949],[69.1383,41.2924],[69.1321,41.288],[69.1349,41.2841],[69.1335,41.2789],[69.1315,41.2789],[69.1288,41.2761],[69.1253,41.2701],[69.1228,41.2698],[69.1219,41.2655]],[[69.2141,41.2377],[69.2212,41.2435],[69.2427,41.2443],[69.3123,41.244],[69.3212,41.2378],[69.317,41.2372],[69.3122,41.2328],[69.3018,41.2286],[69.2866,41.2197],[69.2779,41.2177],[69.2717,41.214],[69.2621,41.2224],[69.2454,41.2155],[69.2423,41.2361],[69.2314,41.2354],[69.2221,41.2238],[69.2141,41.2377]]],[[[69.4276,41.4004],[69.4283,41.3985],[69.4338,41.3994],[69.4396,41.3975],[69.46,41.4017],[69.4696,41.4057],[69.471,41.4081],[69.4679,41.4072],[69.4644,41.4093],[69.4735,41.4146],[69.4717,41.4157],[69.4647,41.4121],[69.4626,41.4087],[69.4549,41.4044],[69.4436,41.4077],[69.439,41.4056],[69.4408,41.4035],[69.4356,41.401],[69.4333,41.4035],[69.4357,41.4053],[69.4348,41.4065],[69.4298,41.407],[69.4321,41.4029],[69.4276,41.4004]]]]}}]}